INSERT INTO categories(id, parent_category_id, name)
VALUES
    ('9ab301ac-7c09-444d-8830-505f594dbefc', NULL, 'Clothes'),
    ('8c5344ba-3fd9-4b23-ad2d-6ed13d3dbd8b', NULL, 'Electronics'),
    ('b0eca1cf-30f0-4f7b-a520-273813a7ccd9', NULL, 'Books'),
    ('abdfd4f3-6143-4dc6-8a14-40606487c83c', NULL, 'Beauty'),
    ('a28c085b-f3a6-4395-993c-74188adba345', NULL, 'Sports'),
    ('8363da0e-1bf5-41dd-8eb8-96721f4f6536', NULL, 'Toys'),
    ('4f0b1dc1-cce3-4c59-a6ec-166a524e9cb4', NULL, 'Food');

INSERT INTO categories(id, parent_category_id, name)
VALUES
    ('4db7c9bd-60c9-46cb-b63b-c6b37e926d58', '9ab301ac-7c09-444d-8830-505f594dbefc', 'Man'),
    ('1b4855f0-8c2c-4450-8b6c-1579367229c4', '9ab301ac-7c09-444d-8830-505f594dbefc', 'Woman'),
    ('95c53201-279a-4303-9c85-1efa55190df3', '8c5344ba-3fd9-4b23-ad2d-6ed13d3dbd8b', 'Computers'),
    ('ac45c838-45e3-4ec9-a7b7-ad4914d7f951', '8c5344ba-3fd9-4b23-ad2d-6ed13d3dbd8b', 'Mobile Phones'),
    ('90fa99ae-20ca-4ba7-9d7b-9bfdc47335a3', '8c5344ba-3fd9-4b23-ad2d-6ed13d3dbd8b', 'Audio'),
    ('828865b3-5348-4883-97b4-ce6bb115b32c', '8c5344ba-3fd9-4b23-ad2d-6ed13d3dbd8b', 'TV'),
    ('7f18eb38-7143-4d0f-9a7a-36a655aa67ae', '8c5344ba-3fd9-4b23-ad2d-6ed13d3dbd8b', 'Smart Home'),
    ('e260f708-36ea-40c4-a5b6-d770e98e0d7f', '8c5344ba-3fd9-4b23-ad2d-6ed13d3dbd8b', 'Drones'),
    ('d88af4e9-a205-4edc-83ff-f94b9031e927', '8c5344ba-3fd9-4b23-ad2d-6ed13d3dbd8b', 'Networking & Wi-Fi Devices'),
    ('9bf1e7e2-c131-4d2e-adec-2066d9ab6c49', '8c5344ba-3fd9-4b23-ad2d-6ed13d3dbd8b', 'Laptops'),
    ('76de710a-d921-4765-b5e0-d10f77ec5033', 'abdfd4f3-6143-4dc6-8a14-40606487c83c', 'Skincare'),
    ('a5a53f4c-549e-4255-b2c8-af1f48f7bd64', 'abdfd4f3-6143-4dc6-8a14-40606487c83c', 'Makeup'),
    ('34b1a466-17ac-4a6a-a807-03077531686b', 'abdfd4f3-6143-4dc6-8a14-40606487c83c', 'Haircare'),
    ('3b597296-5501-49aa-b8e3-30f0015ee50c', 'abdfd4f3-6143-4dc6-8a14-40606487c83c', 'Fragrance'),
    ('9be5a3ba-1f58-4fd5-a9c0-e6a766b70b8b', 'abdfd4f3-6143-4dc6-8a14-40606487c83c', 'Nail Care'),
    ('ce9cc40c-9902-4639-a98b-0ce653ca6c23', 'abdfd4f3-6143-4dc6-8a14-40606487c83c', 'Bath & Body'),
    ('ce9a673d-d983-49d9-9da2-59bf28303371', 'a28c085b-f3a6-4395-993c-74188adba345', 'Team Sports'),
    ('e678411d-8a50-460a-905d-861369fbdf05', 'a28c085b-f3a6-4395-993c-74188adba345', 'Individual Sports'),
    ('6ba50d6a-15b1-4c51-88fb-cdd243dc0efa', 'a28c085b-f3a6-4395-993c-74188adba345', 'Fitness & Exercise'),
    ('f8453c3f-01d7-4f99-af41-49c3b141f2ed', 'a28c085b-f3a6-4395-993c-74188adba345', 'Outdoor & Adventure'),
    ('be1fd228-ee6e-4e6e-820e-664f4913cf5e', '8363da0e-1bf5-41dd-8eb8-96721f4f6536', 'Educational Toys'),
    ('1569dc90-6c76-45e4-9f05-c28a45caecfe', '8363da0e-1bf5-41dd-8eb8-96721f4f6536', 'Electronics & Robotic Toys'),
    ('15903143-7fd7-407b-99c9-22f77f4cd135', '8363da0e-1bf5-41dd-8eb8-96721f4f6536', 'Game & Puzzles'),
    ('b97a3ee9-ead9-4aaf-8a75-a7c159fe45eb', '8363da0e-1bf5-41dd-8eb8-96721f4f6536', 'Building & Construction Toys');

INSERT INTO products(id, category_id, name, approximate_price, delivery_price, description, info)
VALUES
    ('96e53e15-56a2-4c32-993f-1f2852f74024', '9ab301ac-7c09-444d-8830-505f594dbefc', 'The North Face QUEST - Kurtka przeciwdeszczowa', 399.0, 15.0, 'Dyscyplina sportowa. Piesze wędrówki i trekking, Alpinizm. Oddychające, wiatroszczelny, wodoszczelny. Polartec', NULL),
    ('4a43a89f-8ddd-4427-b4aa-a6197186d9a3', 'ac45c838-45e3-4ec9-a7b7-ad4914d7f951', 'Xiaomi Redmi Note 14 6+128GB 6.67" 4G Midnight Black NFC EU', 529.99, 15.0, 'Product Information 6.67" AMOLED 120Hz Display: Smooth visuals and vibrant colors with peak brightness of 1800 nits. An immersive viewing experience. 108MP Rear Camera + 20MP Selfie Camera: Capture every detail with precision thanks to a professional aluminum camera system. MediaTek G99-Ultra Processor: Optimal power for gaming and multitasking without compromise, no NFC. 5500mAh Battery + 33W Fast Charging: Long-lasting battery life and ultra-fast charging to keep you connected. Premium Security and Sound: Built-in fingerprint sensor and dual Dolby speakers for a complete experience.', NULL),
    ('4bdea21e-58ed-4325-93d8-beac8ccd3e71', '9bf1e7e2-c131-4d2e-adec-2066d9ab6c49', 'APPLE MacBook Air 13'' M4', 4199.0, 15.0, 'Speed. Lightness. Freedom – The MacBook Air with the M4 chip excels at work and play. With up to 18 hours* of battery life and an incredibly portable design, you can tackle any task anywhere. Turbocharged with the M4 Chip – The Apple M4 chip delivers even greater speed and smoothness in everything you do, from multitasking and video editing to playing graphically demanding games. Up to 18 Hours of Battery Life – The MacBook Air is incredibly efficient whether on battery power or plugged in*. Stunning Display – The 13.6-inch Liquid Retina display supports a billion colors*. Photos and videos impress with contrast and detail, while text is exceptionally sharp. Looks and Sounds Amazing – Thanks to the 12MP Center Stage camera, three microphones, and four speakers with spatial audio, everything looks and sounds fantastic. Plenty of Connections – The MacBook Air features two Thunderbolt 4 ports, a MagSafe charging port, a headphone jack, and Wi‑Fi 6E* and Bluetooth 5.3. You can even connect up to two external displays. Apps Fly in macOS – Your favorite apps, including Microsoft 365 Copilot, Adobe Creative Cloud, and Google Workspace, run faster than ever in macOS*. iPhone Lovers Will Love Mac – Mac works seamlessly with all Apple devices. Copy something on your iPhone and paste it on your Mac. Send a message from Mac or answer a FaceTime call*.', NULL),
    ('48b3f224-70fb-41e4-9ea0-dbbfe38caf53', '9ab301ac-7c09-444d-8830-505f594dbefc', 'U.S. Polo Assn. - Bluza', 175.0, 15.0, 'Najniższa cena w okresie 30 dni przed obniżką: 214,99 zł -19%', NULL);

INSERT INTO variants(id, product_id, price, stock_quantity, additional_properties, description, created_at, updated_at)
VALUES
    ('dd8bbacd-6044-430c-8a13-e9db9ca41757', '96e53e15-56a2-4c32-993f-1f2852f74024', 399.0, 39, NULL, '', '2025-12-02 12:18:06.444971', '2025-12-02 12:18:06.444971'),
    ('76588d73-399b-4c3d-bdbf-a2b4275fef84', '96e53e15-56a2-4c32-993f-1f2852f74024', 399.0, 26, NULL, '', '2025-12-02 12:18:06.444971', '2025-12-02 12:18:06.444971'),
    ('18f26e8a-70c7-4c0f-aae2-b7be3b39b3fd', '96e53e15-56a2-4c32-993f-1f2852f74024', 399.0, 49, NULL, '', '2025-12-02 12:18:06.444971', '2025-12-02 12:18:06.444971'),
    ('81067a6b-09b1-40c2-a167-81446ee73e2f', '96e53e15-56a2-4c32-993f-1f2852f74024', 399.0, 3, NULL, '', '2025-12-02 12:18:06.444971', '2025-12-02 12:18:06.444971'),
    ('ecd1f739-ab94-4730-84f7-3770fda371b6', '96e53e15-56a2-4c32-993f-1f2852f74024', 399.0, 3, NULL, '', '2025-12-02 12:18:06.444971', '2025-12-02 12:18:06.444971'),
    ('e325d624-b353-4473-8ccf-72e54fa536b9', '96e53e15-56a2-4c32-993f-1f2852f74024', 399.0, 37, NULL, '', '2025-12-02 12:18:06.444971', '2025-12-02 12:18:06.444971'),
    ('38683013-5b59-4dc4-bb88-9ca5febcba0f', '96e53e15-56a2-4c32-993f-1f2852f74024', 399.0, 9, NULL, '', '2025-12-02 12:18:06.444971', '2025-12-02 12:18:06.444971'),
    ('47a464e8-462b-4248-8ec4-8a25521b013f', '96e53e15-56a2-4c32-993f-1f2852f74024', 399.0, 30, NULL, '', '2025-12-02 12:18:06.444971', '2025-12-02 12:18:06.444971'),
    ('3301913d-741d-414a-86ba-ff14a3cfe616', '96e53e15-56a2-4c32-993f-1f2852f74024', 399.0, 3, NULL, '', '2025-12-02 12:18:06.444971', '2025-12-02 12:18:06.444971'),
    ('c13a269f-410f-4eae-b484-8c908e4104b7', '4a43a89f-8ddd-4427-b4aa-a6197186d9a3', 439.99, 16, NULL, '', '2025-12-02 12:18:06.444971', '2025-12-02 12:18:06.444971'),
    ('f413cdd6-a2b4-4198-bf65-48a8afa7365a', '4a43a89f-8ddd-4427-b4aa-a6197186d9a3', 619.99, 39, NULL, '', '2025-12-02 12:18:06.444971', '2025-12-02 12:18:06.444971'),
    ('075f7671-3de4-465a-8f8f-daad80b82207', '4bdea21e-58ed-4325-93d8-beac8ccd3e71', 3799.0, 13, NULL, '', '2025-12-02 12:18:06.444971', '2025-12-02 12:18:06.444971'),
    ('26033377-8773-408f-9209-1319f719fc67', '4bdea21e-58ed-4325-93d8-beac8ccd3e71', 3899.0, 7, NULL, '', '2025-12-02 12:18:06.444971', '2025-12-02 12:18:06.444971'),
    ('e1e61364-b59b-4e81-808f-65c2e8b26023', '4bdea21e-58ed-4325-93d8-beac8ccd3e71', 4599.0, 13, NULL, '', '2025-12-02 12:18:06.444971', '2025-12-02 12:18:06.444971'),
    ('7854122c-0f3f-4607-bbb9-d42a6bacf5bd', '48b3f224-70fb-41e4-9ea0-dbbfe38caf53', 175.0, 44, NULL, '', '2025-12-02 12:18:06.444971', '2025-12-02 12:18:06.444971'),
    ('f6aac81a-98e7-48dc-acec-e9ae0aed0129', '48b3f224-70fb-41e4-9ea0-dbbfe38caf53', 175.0, 23, NULL, '', '2025-12-02 12:18:06.444971', '2025-12-02 12:18:06.444971'),
    ('1234281b-341e-42c5-8260-82046d970b9b', '48b3f224-70fb-41e4-9ea0-dbbfe38caf53', 175.0, 21, NULL, '', '2025-12-02 12:18:06.444971', '2025-12-02 12:18:06.444971'),
    ('d6dbcc99-9495-47fc-9ec4-c5bbc84d5c3b', '48b3f224-70fb-41e4-9ea0-dbbfe38caf53', 175.0, 38, NULL, '', '2025-12-02 12:18:06.444971', '2025-12-02 12:18:06.444971'),
    ('ab6b936a-2719-40c6-a939-317fa4a970bc', '48b3f224-70fb-41e4-9ea0-dbbfe38caf53', 175.0, 43, NULL, '', '2025-12-02 12:18:06.444971', '2025-12-02 12:18:06.444971'),
    ('f2600aa9-836f-4764-8ac7-5b2fc2e14d51', '48b3f224-70fb-41e4-9ea0-dbbfe38caf53', 175.0, 25, NULL, '', '2025-12-02 12:18:06.444971', '2025-12-02 12:18:06.444971'),
    ('bc9cac09-ae2f-4d01-9bde-2cd788960408', '48b3f224-70fb-41e4-9ea0-dbbfe38caf53', 175.0, 5, NULL, '', '2025-12-02 12:18:06.444971', '2025-12-02 12:18:06.444971'),
    ('75a8b2db-5700-4920-9b12-5719ee5357a0', '48b3f224-70fb-41e4-9ea0-dbbfe38caf53', 175.0, 32, NULL, '', '2025-12-02 12:18:06.444971', '2025-12-02 12:18:06.444971'),
    ('57cf284e-f51b-4cda-b127-74c5429fbec6', '48b3f224-70fb-41e4-9ea0-dbbfe38caf53', 175.0, 27, NULL, '', '2025-12-02 12:18:06.444971', '2025-12-02 12:18:06.444971');

INSERT INTO variant_images(id, variant_id, url, is_main, position, created_at, updated_at)
VALUES
    ('49662d07-18de-45c8-81f6-6ad28f61ad6f', 'c13a269f-410f-4eae-b484-8c908e4104b7', 'https://m.media-amazon.com/images/I/81JrYIgLUlL._AC_SL1500_.jpg', TRUE, '1', '2025-12-02 12:18:06.542073', '2025-12-02 12:18:06.542073'),
    ('82e9293d-507d-4be6-8e1b-452723fe11cd', 'c13a269f-410f-4eae-b484-8c908e4104b7', 'https://m.media-amazon.com/images/I/71Z2W+g46ML._AC_SL1500_.jpg', FALSE, '2', '2025-12-02 12:18:06.542073', '2025-12-02 12:18:06.542073'),
    ('9d33e470-62f8-47e6-a69f-1997f89f904c', 'c13a269f-410f-4eae-b484-8c908e4104b7', 'https://m.media-amazon.com/images/I/615sM+fd2RL._AC_SL1500_.jpg', FALSE, '3', '2025-12-02 12:18:06.542073', '2025-12-02 12:18:06.542073'),
    ('71da7287-1fc0-4f87-923b-736f95077fc8', 'c13a269f-410f-4eae-b484-8c908e4104b7', 'https://m.media-amazon.com/images/I/71X+OKuItVL._AC_SL1500_.jpg', FALSE, '4', '2025-12-02 12:18:06.542073', '2025-12-02 12:18:06.542073'),
    ('0053c909-faae-468d-a153-3d491630a850', 'f413cdd6-a2b4-4198-bf65-48a8afa7365a', 'https://m.media-amazon.com/images/I/81JrYIgLUlL._AC_SL1500_.jpg', TRUE, '1', '2025-12-02 12:18:06.542073', '2025-12-02 12:18:06.542073'),
    ('574becfa-dd77-4915-bc3c-ac0f5404237f', 'f413cdd6-a2b4-4198-bf65-48a8afa7365a', 'https://m.media-amazon.com/images/I/71Z2W+g46ML._AC_SL1500_.jpg', FALSE, '2', '2025-12-02 12:18:06.542073', '2025-12-02 12:18:06.542073'),
    ('d3f40db7-2ea3-42d9-a87b-4eb1d395d549', 'f413cdd6-a2b4-4198-bf65-48a8afa7365a', 'https://m.media-amazon.com/images/I/615sM+fd2RL._AC_SL1500_.jpg', FALSE, '3', '2025-12-02 12:18:06.542073', '2025-12-02 12:18:06.542073'),
    ('f3566472-013b-4bea-8c9d-f39ca64d3f51', 'f413cdd6-a2b4-4198-bf65-48a8afa7365a', 'https://m.media-amazon.com/images/I/71X+OKuItVL._AC_SL1500_.jpg', FALSE, '4', '2025-12-02 12:18:06.542073', '2025-12-02 12:18:06.542073'),
    ('2b21c916-8c70-4c5e-aab7-30e983368332', '075f7671-3de4-465a-8f8f-daad80b82207', 'https://m.media-amazon.com/images/I/71X+OKuItVL._AC_SL1500_.jpg', TRUE, '1', '2025-12-02 12:18:06.542073', '2025-12-02 12:18:06.542073'),
    ('3fd399d6-86e8-47d0-bdc7-c73a8c20b054', '075f7671-3de4-465a-8f8f-daad80b82207', 'https://m.media-amazon.com/images/I/61w7pG1uOAL._AC_SL1500_.jpg', FALSE, '2', '2025-12-02 12:18:06.542073', '2025-12-02 12:18:06.542073'),
    ('526bb1eb-be28-445d-8271-97a8e53e9b47', '075f7671-3de4-465a-8f8f-daad80b82207', 'https://m.media-amazon.com/images/I/61wJeelYVaL._AC_SL1500_.jpg', FALSE, '3', '2025-12-02 12:18:06.542073', '2025-12-02 12:18:06.542073'),
    ('ca37bffe-714e-4cbe-ac25-511d60524848', '075f7671-3de4-465a-8f8f-daad80b82207', 'https://m.media-amazon.com/images/I/81CpDU8Aw6L._AC_SL1500_.jpg', FALSE, '4', '2025-12-02 12:18:06.542073', '2025-12-02 12:18:06.542073'),
    ('7aadc0a4-4110-42ce-aa1d-90741a9bc563', '26033377-8773-408f-9209-1319f719fc67', 'https://m.media-amazon.com/images/I/71X+OKuItVL._AC_SL1500_.jpg', TRUE, '1', '2025-12-02 12:18:06.542073', '2025-12-02 12:18:06.542073'),
    ('c6e9561b-55c2-4c31-aaa1-c5446e81a2c7', '26033377-8773-408f-9209-1319f719fc67', 'https://m.media-amazon.com/images/I/61w7pG1uOAL._AC_SL1500_.jpg', FALSE, '2', '2025-12-02 12:18:06.542073', '2025-12-02 12:18:06.542073'),
    ('ebe0ad93-f492-454c-ab6a-7ba6631fc201', '26033377-8773-408f-9209-1319f719fc67', 'https://m.media-amazon.com/images/I/61wJeelYVaL._AC_SL1500_.jpg', FALSE, '3', '2025-12-02 12:18:06.542073', '2025-12-02 12:18:06.542073'),
    ('d27f28a1-b0ec-4437-8d96-a6280df282ef', '26033377-8773-408f-9209-1319f719fc67', 'https://m.media-amazon.com/images/I/81CpDU8Aw6L._AC_SL1500_.jpg', FALSE, '4', '2025-12-02 12:18:06.542073', '2025-12-02 12:18:06.542073'),
    ('cd343f20-ac3a-4ab0-bd5f-7ede85644848', 'dd8bbacd-6044-430c-8a13-e9db9ca41757', 'https://img01.ztat.net/article/spp-media-p1/e7d5535687874a518997522421231596/083a79b5507d44b0ba37460bf7169961.jpg?imwidth=1800', TRUE, '1', '2025-12-02 12:18:06.542073', '2025-12-02 12:18:06.542073'),
    ('bd87200d-881e-44ad-a6e7-be12088634f1', 'dd8bbacd-6044-430c-8a13-e9db9ca41757', 'https://img01.ztat.net/article/spp-media-p1/1f4a7b35647145aa83949357c38ebbf7/184e264ef0b848928b4fc45d92604e13.jpg?imwidth=1800', FALSE, '2', '2025-12-02 12:18:06.542073', '2025-12-02 12:18:06.542073'),
    ('aa63813f-5828-4b1c-a439-74f9c9fec129', 'dd8bbacd-6044-430c-8a13-e9db9ca41757', 'https://img01.ztat.net/article/spp-media-p1/c61704b0794144afac449007b6094966/12449b06c0d04e9583adcc9cfe9d7b34.jpg?imwidth=1800', FALSE, '3', '2025-12-02 12:18:06.542073', '2025-12-02 12:18:06.542073'),
    ('560bc999-7af2-4549-8a58-ef463cadd692', 'dd8bbacd-6044-430c-8a13-e9db9ca41757', 'https://img01.ztat.net/article/spp-media-p1/dc190f0d0a57448699e86c73881391fe/4b1d1c00cc8c4d4183c5b010bf2413ec.jpg?imwidth=1800', FALSE, '4', '2025-12-02 12:18:06.542073', '2025-12-02 12:18:06.542073'),
    ('69355dff-65d6-49ab-951b-4355aa033008', 'dd8bbacd-6044-430c-8a13-e9db9ca41757', 'https://img01.ztat.net/article/spp-media-p1/64f9e64b72fe4ffbabaa620816436caa/415c23d7a9b748c694e30b61a4dc1568.jpg?imwidth=1800', FALSE, '5', '2025-12-02 12:18:06.542073', '2025-12-02 12:18:06.542073'),
    ('29d2a3f6-e0e4-4133-a0cc-b9d80fd0fe22', '76588d73-399b-4c3d-bdbf-a2b4275fef84', 'https://img01.ztat.net/article/spp-media-p1/e7d5535687874a518997522421231596/083a79b5507d44b0ba37460bf7169961.jpg?imwidth=1800', TRUE, '1', '2025-12-02 12:18:06.542073', '2025-12-02 12:18:06.542073'),
    ('bdf11599-6963-490e-9cba-6c7c049bdee9', '76588d73-399b-4c3d-bdbf-a2b4275fef84', 'https://img01.ztat.net/article/spp-media-p1/1f4a7b35647145aa83949357c38ebbf7/184e264ef0b848928b4fc45d92604e13.jpg?imwidth=1800', FALSE, '2', '2025-12-02 12:18:06.542073', '2025-12-02 12:18:06.542073'),
    ('d55742a3-98af-45ec-b19f-9fc79a6a5274', '76588d73-399b-4c3d-bdbf-a2b4275fef84', 'https://img01.ztat.net/article/spp-media-p1/c61704b0794144afac449007b6094966/12449b06c0d04e9583adcc9cfe9d7b34.jpg?imwidth=1800', FALSE, '3', '2025-12-02 12:18:06.542073', '2025-12-02 12:18:06.542073'),
    ('c9fdfa41-2bad-48da-873f-bcb19c58307e', '76588d73-399b-4c3d-bdbf-a2b4275fef84', 'https://img01.ztat.net/article/spp-media-p1/dc190f0d0a57448699e86c73881391fe/4b1d1c00cc8c4d4183c5b010bf2413ec.jpg?imwidth=1800', FALSE, '4', '2025-12-02 12:18:06.542073', '2025-12-02 12:18:06.542073'),
    ('809c600c-0e6f-45e6-af45-a9f7e7277d69', '76588d73-399b-4c3d-bdbf-a2b4275fef84', 'https://img01.ztat.net/article/spp-media-p1/64f9e64b72fe4ffbabaa620816436caa/415c23d7a9b748c694e30b61a4dc1568.jpg?imwidth=1800', FALSE, '5', '2025-12-02 12:18:06.542073', '2025-12-02 12:18:06.542073'),
    ('d1eff1c0-6585-42e1-8107-48d0670db717', '18f26e8a-70c7-4c0f-aae2-b7be3b39b3fd', 'https://img01.ztat.net/article/spp-media-p1/e7d5535687874a518997522421231596/083a79b5507d44b0ba37460bf7169961.jpg?imwidth=1800', TRUE, '1', '2025-12-02 12:18:06.542073', '2025-12-02 12:18:06.542073'),
    ('3c8db9fe-8544-473e-af77-b9990d073403', '18f26e8a-70c7-4c0f-aae2-b7be3b39b3fd', 'https://img01.ztat.net/article/spp-media-p1/1f4a7b35647145aa83949357c38ebbf7/184e264ef0b848928b4fc45d92604e13.jpg?imwidth=1800', FALSE, '2', '2025-12-02 12:18:06.542073', '2025-12-02 12:18:06.542073'),
    ('3c7ad041-94eb-4de1-b05c-46d093e1fd77', '18f26e8a-70c7-4c0f-aae2-b7be3b39b3fd', 'https://img01.ztat.net/article/spp-media-p1/c61704b0794144afac449007b6094966/12449b06c0d04e9583adcc9cfe9d7b34.jpg?imwidth=1800', FALSE, '3', '2025-12-02 12:18:06.542073', '2025-12-02 12:18:06.542073'),
    ('6f221c7c-fad0-4c2a-95a5-7ca0aa2b7f57', '18f26e8a-70c7-4c0f-aae2-b7be3b39b3fd', 'https://img01.ztat.net/article/spp-media-p1/dc190f0d0a57448699e86c73881391fe/4b1d1c00cc8c4d4183c5b010bf2413ec.jpg?imwidth=1800', FALSE, '4', '2025-12-02 12:18:06.542073', '2025-12-02 12:18:06.542073'),
    ('aff6a76d-7c9e-4019-bbca-ab84dd1cefac', '18f26e8a-70c7-4c0f-aae2-b7be3b39b3fd', 'https://img01.ztat.net/article/spp-media-p1/64f9e64b72fe4ffbabaa620816436caa/415c23d7a9b748c694e30b61a4dc1568.jpg?imwidth=1800', FALSE, '5', '2025-12-02 12:18:06.542073', '2025-12-02 12:18:06.542073'),
    ('d870313b-2f8b-4805-9a70-21f3d0de2f53', '81067a6b-09b1-40c2-a167-81446ee73e2f', 'https://img01.ztat.net/article/spp-media-p1/e7d5535687874a518997522421231596/083a79b5507d44b0ba37460bf7169961.jpg?imwidth=1800', TRUE, '1', '2025-12-02 12:18:06.542073', '2025-12-02 12:18:06.542073'),
    ('7dfac6c0-cde8-43db-ba4d-608224db96c4', '81067a6b-09b1-40c2-a167-81446ee73e2f', 'https://img01.ztat.net/article/spp-media-p1/1f4a7b35647145aa83949357c38ebbf7/184e264ef0b848928b4fc45d92604e13.jpg?imwidth=1800', FALSE, '2', '2025-12-02 12:18:06.542073', '2025-12-02 12:18:06.542073'),
    ('85c3ea96-aa75-4aa9-a26a-5834b8db788e', '81067a6b-09b1-40c2-a167-81446ee73e2f', 'https://img01.ztat.net/article/spp-media-p1/c61704b0794144afac449007b6094966/12449b06c0d04e9583adcc9cfe9d7b34.jpg?imwidth=1800', FALSE, '3', '2025-12-02 12:18:06.542073', '2025-12-02 12:18:06.542073'),
    ('2625be7e-162f-4f22-a981-930700efa59b', '81067a6b-09b1-40c2-a167-81446ee73e2f', 'https://img01.ztat.net/article/spp-media-p1/dc190f0d0a57448699e86c73881391fe/4b1d1c00cc8c4d4183c5b010bf2413ec.jpg?imwidth=1800', FALSE, '4', '2025-12-02 12:18:06.542073', '2025-12-02 12:18:06.542073'),
    ('0a00409a-c365-4848-babc-e0e108547062', '81067a6b-09b1-40c2-a167-81446ee73e2f', 'https://img01.ztat.net/article/spp-media-p1/64f9e64b72fe4ffbabaa620816436caa/415c23d7a9b748c694e30b61a4dc1568.jpg?imwidth=1800', FALSE, '5', '2025-12-02 12:18:06.542073', '2025-12-02 12:18:06.542073'),
    ('d65b51c1-01f7-4825-a21a-e0da91ad4000', 'ecd1f739-ab94-4730-84f7-3770fda371b6', 'https://img01.ztat.net/article/spp-media-p1/e7d5535687874a518997522421231596/083a79b5507d44b0ba37460bf7169961.jpg?imwidth=1800', TRUE, '1', '2025-12-02 12:18:06.542073', '2025-12-02 12:18:06.542073'),
    ('6030a5e9-829b-40e9-8caa-c862a3610630', 'ecd1f739-ab94-4730-84f7-3770fda371b6', 'https://img01.ztat.net/article/spp-media-p1/1f4a7b35647145aa83949357c38ebbf7/184e264ef0b848928b4fc45d92604e13.jpg?imwidth=1800', FALSE, '2', '2025-12-02 12:18:06.542073', '2025-12-02 12:18:06.542073'),
    ('573be02b-295f-4381-b1d6-96b6b57709e0', 'ecd1f739-ab94-4730-84f7-3770fda371b6', 'https://img01.ztat.net/article/spp-media-p1/c61704b0794144afac449007b6094966/12449b06c0d04e9583adcc9cfe9d7b34.jpg?imwidth=1800', FALSE, '3', '2025-12-02 12:18:06.542073', '2025-12-02 12:18:06.542073'),
    ('8bc65e76-77b4-4cc6-8a92-5cf4554ddd1f', 'ecd1f739-ab94-4730-84f7-3770fda371b6', 'https://img01.ztat.net/article/spp-media-p1/dc190f0d0a57448699e86c73881391fe/4b1d1c00cc8c4d4183c5b010bf2413ec.jpg?imwidth=1800', FALSE, '4', '2025-12-02 12:18:06.542073', '2025-12-02 12:18:06.542073'),
    ('076c2861-2042-4877-b564-374ea560a798', 'ecd1f739-ab94-4730-84f7-3770fda371b6', 'https://img01.ztat.net/article/spp-media-p1/64f9e64b72fe4ffbabaa620816436caa/415c23d7a9b748c694e30b61a4dc1568.jpg?imwidth=1800', FALSE, '5', '2025-12-02 12:18:06.542073', '2025-12-02 12:18:06.542073');

INSERT INTO properties(id, category_id, name, unit, data_type, has_default_options, role)
VALUES
    ('aedc3fd5-ad2b-46b8-8c2f-961414a84ae2', 'ac45c838-45e3-4ec9-a7b7-ad4914d7f951', 'Memory (RAM)', NULL, 'NUMBER', 'TRUE', 'INFO'),
    ('5f487c41-edb1-458c-a388-7f7504cd0528', 'ac45c838-45e3-4ec9-a7b7-ad4914d7f951', 'Device storage', NULL, 'NUMBER', 'TRUE', 'INFO'),
    ('ea7ed04c-7ee4-41ef-b5d1-12a8b550f8b7', 'ac45c838-45e3-4ec9-a7b7-ad4914d7f951', 'Screen size range', NULL, 'TEXT', 'FALSE', 'INFO'),
    ('597df194-fdc9-4c01-be66-f13bc4353e20', '9ab301ac-7c09-444d-8830-505f594dbefc', 'Size', NULL, 'TEXT', 'TRUE', 'SELECTABLE'),
    ('bbf71dcc-e7ac-485b-8045-6e78a9c9d33b', '9ab301ac-7c09-444d-8830-505f594dbefc', 'Color', NULL, 'TEXT', 'TRUE', 'SELECTABLE');

INSERT INTO default_property_options(id, property_id, value_text, value_decimal, value_boolean, value_date, display_text)
VALUES
    ('dad0fb0f-38f6-4fc5-9540-5dcad02c4e70', 'ea7ed04c-7ee4-41ef-b5d1-12a8b550f8b7', NULL, NULL, NULL, NULL, '4'' - 5'''),
    ('b1705c01-c1bd-4493-b0a5-5476fda583bd', 'ea7ed04c-7ee4-41ef-b5d1-12a8b550f8b7', NULL, NULL, NULL, NULL, '5'' - 6'''),
    ('ab73aed7-2c9e-46f4-91cc-af429aa87668', 'ea7ed04c-7ee4-41ef-b5d1-12a8b550f8b7', NULL, NULL, NULL, NULL, '6'' - 7'''),
    ('ac1d35a9-145f-4ee1-908d-38dd91f7d4e7', '597df194-fdc9-4c01-be66-f13bc4353e20', NULL, NULL, NULL, NULL, 'M'),
    ('ef4549b7-f5fb-4a70-80bc-2311bbf6e94a', '597df194-fdc9-4c01-be66-f13bc4353e20', NULL, NULL, NULL, NULL, 'L'),
    ('3461d06a-46ab-435e-b983-4c34a6122194', '597df194-fdc9-4c01-be66-f13bc4353e20', NULL, NULL, NULL, NULL, 'XL'),
    ('281fec29-15a6-48ec-9b82-f73074444215', 'bbf71dcc-e7ac-485b-8045-6e78a9c9d33b', NULL, NULL, NULL, NULL, 'Red'),
    ('dca39256-fc8b-448c-ba0a-a7504b9cf994', 'bbf71dcc-e7ac-485b-8045-6e78a9c9d33b', NULL, NULL, NULL, NULL, 'Black'),
    ('e5a6a632-e8df-44dc-9dbe-7b490722467e', 'bbf71dcc-e7ac-485b-8045-6e78a9c9d33b', NULL, NULL, NULL, NULL, 'Blue');

INSERT INTO variant_properties(id, variant_id, property_id, value_text, value_decimal, value_boolean, value_date, display_text)
VALUES
    ('29c05524-b1a3-4bbe-ae7d-f4ce1ea81f41', 'c13a269f-410f-4eae-b484-8c908e4104b7', 'aedc3fd5-ad2b-46b8-8c2f-961414a84ae2', NULL, NULL, NULL, NULL, '8GB'),
    ('234feffe-afdd-436e-84f7-b2c19ce0ffa7', 'c13a269f-410f-4eae-b484-8c908e4104b7', '5f487c41-edb1-458c-a388-7f7504cd0528', NULL, NULL, NULL, NULL, '256GB'),
    ('edc0567e-6cdf-42a9-a14e-ffd48074d139', 'c13a269f-410f-4eae-b484-8c908e4104b7', '5f487c41-edb1-458c-a388-7f7504cd0528', NULL, NULL, NULL, NULL, '6'' - 7'''),
    ('a96a128c-d780-4e61-8960-e095464916e2', 'f413cdd6-a2b4-4198-bf65-48a8afa7365a', 'aedc3fd5-ad2b-46b8-8c2f-961414a84ae2', NULL, NULL, NULL, NULL, '16GB'),
    ('29d51fa9-e925-4b8c-95d0-9f160c9cbfc6', 'f413cdd6-a2b4-4198-bf65-48a8afa7365a', '5f487c41-edb1-458c-a388-7f7504cd0528', NULL, NULL, NULL, NULL, '512GB'),
    ('6bfffe8b-64bc-4605-b3b5-92c14233cd03', 'f413cdd6-a2b4-4198-bf65-48a8afa7365a', 'ea7ed04c-7ee4-41ef-b5d1-12a8b550f8b7', NULL, NULL, NULL, NULL, '6'' - 7'''),
    ('9192391c-a498-4b55-88ae-9f7ad2bbf69d', 'dd8bbacd-6044-430c-8a13-e9db9ca41757', '597df194-fdc9-4c01-be66-f13bc4353e20', NULL, NULL, NULL, NULL, 'M'),
    ('044bef10-a2a8-477a-8802-e59526643d74', 'dd8bbacd-6044-430c-8a13-e9db9ca41757', 'bbf71dcc-e7ac-485b-8045-6e78a9c9d33b', NULL, NULL, NULL, NULL, 'Red'),
    ('ca6c25a8-6c30-47d4-bbb3-b55e7dddb8e6', '76588d73-399b-4c3d-bdbf-a2b4275fef84', '597df194-fdc9-4c01-be66-f13bc4353e20', NULL, NULL, NULL, NULL, 'L'),
    ('657eaab5-80cb-4a68-a833-1ce96defbdba', '76588d73-399b-4c3d-bdbf-a2b4275fef84', 'bbf71dcc-e7ac-485b-8045-6e78a9c9d33b', NULL, NULL, NULL, NULL, 'Red'),
    ('8afe4196-e00b-464d-ae22-5437347feed3', '18f26e8a-70c7-4c0f-aae2-b7be3b39b3fd', '597df194-fdc9-4c01-be66-f13bc4353e20', NULL, NULL, NULL, NULL, 'XL'),
    ('7f1e0011-9e9e-4069-b04a-80b682119160', '18f26e8a-70c7-4c0f-aae2-b7be3b39b3fd', 'bbf71dcc-e7ac-485b-8045-6e78a9c9d33b', NULL, NULL, NULL, NULL, 'Red'),
    ('ab64830c-5acf-44ab-b5cd-c0b4429253bb', '81067a6b-09b1-40c2-a167-81446ee73e2f', '597df194-fdc9-4c01-be66-f13bc4353e20', NULL, NULL, NULL, NULL, 'M'),
    ('b900ee2e-7a50-4a55-a6ff-18984bbfff8c', '81067a6b-09b1-40c2-a167-81446ee73e2f', 'bbf71dcc-e7ac-485b-8045-6e78a9c9d33b', NULL, NULL, NULL, NULL, 'Black'),
    ('34dde5a1-3237-45c8-9447-67758966a898', 'ecd1f739-ab94-4730-84f7-3770fda371b6', '597df194-fdc9-4c01-be66-f13bc4353e20', NULL, NULL, NULL, NULL, 'L'),
    ('00e50007-d86d-4e42-a91b-8946a404e6cd', 'ecd1f739-ab94-4730-84f7-3770fda371b6', 'bbf71dcc-e7ac-485b-8045-6e78a9c9d33b', NULL, NULL, NULL, NULL, 'Black'),
    ('16af62fc-e7f3-44a7-8e0a-cd818ec9b918', 'e325d624-b353-4473-8ccf-72e54fa536b9', '597df194-fdc9-4c01-be66-f13bc4353e20', NULL, NULL, NULL, NULL, 'XL'),
    ('ef9c4b26-7613-4400-825f-209848cd7003', 'e325d624-b353-4473-8ccf-72e54fa536b9', 'bbf71dcc-e7ac-485b-8045-6e78a9c9d33b', NULL, NULL, NULL, NULL, 'Black'),
    ('0718d9b0-e33d-40e4-b241-516f39d5baf5', '38683013-5b59-4dc4-bb88-9ca5febcba0f', '597df194-fdc9-4c01-be66-f13bc4353e20', NULL, NULL, NULL, NULL, 'M'),
    ('a10cc18a-cfc9-4c2f-a0a6-044f9574b831', '38683013-5b59-4dc4-bb88-9ca5febcba0f', 'bbf71dcc-e7ac-485b-8045-6e78a9c9d33b', NULL, NULL, NULL, NULL, 'Blue'),
    ('34a7c7cc-86e9-4eeb-989d-a7aa415dcf48', '47a464e8-462b-4248-8ec4-8a25521b013f', '597df194-fdc9-4c01-be66-f13bc4353e20', NULL, NULL, NULL, NULL, 'L'),
    ('42b34d2c-dcf2-4f47-a570-2c540d87deff', '47a464e8-462b-4248-8ec4-8a25521b013f', 'bbf71dcc-e7ac-485b-8045-6e78a9c9d33b', NULL, NULL, NULL, NULL, 'Blue'),
    ('62b98e5a-a965-4a71-8db2-c990485d0b3c', '3301913d-741d-414a-86ba-ff14a3cfe616', '597df194-fdc9-4c01-be66-f13bc4353e20', NULL, NULL, NULL, NULL, 'XL'),
    ('f7aa0035-0de4-49fa-b70b-68a5e8a4b886', '3301913d-741d-414a-86ba-ff14a3cfe616', 'bbf71dcc-e7ac-485b-8045-6e78a9c9d33b', NULL, NULL, NULL, NULL, 'Blue'),
    ('51d6a1fb-843e-4f69-8991-7ebf7af3b5c5', '7854122c-0f3f-4607-bbb9-d42a6bacf5bd', '597df194-fdc9-4c01-be66-f13bc4353e20', NULL, NULL, NULL, NULL, 'M'),
    ('2868c2e8-cb31-4460-aadb-2c7408bd2f7d', '7854122c-0f3f-4607-bbb9-d42a6bacf5bd', 'bbf71dcc-e7ac-485b-8045-6e78a9c9d33b', NULL, NULL, NULL, NULL, 'Red'),
    ('cc8c76d2-c244-475c-9466-c2ceb1f9d92b', 'f6aac81a-98e7-48dc-acec-e9ae0aed0129', '597df194-fdc9-4c01-be66-f13bc4353e20', NULL, NULL, NULL, NULL, 'L'),
    ('ebf6d510-768d-4f24-9006-97f4793e1a49', 'f6aac81a-98e7-48dc-acec-e9ae0aed0129', 'bbf71dcc-e7ac-485b-8045-6e78a9c9d33b', NULL, NULL, NULL, NULL, 'Red'),
    ('116339f7-0cc0-4545-8f9a-9d387fdd9023', '1234281b-341e-42c5-8260-82046d970b9b', '597df194-fdc9-4c01-be66-f13bc4353e20', NULL, NULL, NULL, NULL, 'XL'),
    ('6ad9cdd8-8d04-4ae3-bce9-dfb54165bb8a', '1234281b-341e-42c5-8260-82046d970b9b', 'bbf71dcc-e7ac-485b-8045-6e78a9c9d33b', NULL, NULL, NULL, NULL, 'Red'),
    ('cbd3e89d-a21f-40f7-9003-76833fbcca47', 'd6dbcc99-9495-47fc-9ec4-c5bbc84d5c3b', '597df194-fdc9-4c01-be66-f13bc4353e20', NULL, NULL, NULL, NULL, 'M'),
    ('2cd38048-5c57-4ec6-91f9-be6e35a6199b', 'd6dbcc99-9495-47fc-9ec4-c5bbc84d5c3b', 'bbf71dcc-e7ac-485b-8045-6e78a9c9d33b', NULL, NULL, NULL, NULL, 'Black'),
    ('c62d405b-bb32-485c-8529-a45471379459', 'ab6b936a-2719-40c6-a939-317fa4a970bc', '597df194-fdc9-4c01-be66-f13bc4353e20', NULL, NULL, NULL, NULL, 'L'),
    ('799d0d75-ad3e-4287-bb63-56ce28239665', 'ab6b936a-2719-40c6-a939-317fa4a970bc', 'bbf71dcc-e7ac-485b-8045-6e78a9c9d33b', NULL, NULL, NULL, NULL, 'Black'),
    ('f486ce00-c240-4f26-bcb1-a43e4b2b9241', 'f2600aa9-836f-4764-8ac7-5b2fc2e14d51', '597df194-fdc9-4c01-be66-f13bc4353e20', NULL, NULL, NULL, NULL, 'XL'),
    ('cfc73866-15b4-4f37-8062-6c24cb901b75', 'f2600aa9-836f-4764-8ac7-5b2fc2e14d51', 'bbf71dcc-e7ac-485b-8045-6e78a9c9d33b', NULL, NULL, NULL, NULL, 'Black'),
    ('3c829383-9739-4730-bd68-30dee596f021', 'bc9cac09-ae2f-4d01-9bde-2cd788960408', '597df194-fdc9-4c01-be66-f13bc4353e20', NULL, NULL, NULL, NULL, 'M'),
    ('2f3eb158-c8cd-4fe9-98bc-536d1ed8dc3c', 'bc9cac09-ae2f-4d01-9bde-2cd788960408', 'bbf71dcc-e7ac-485b-8045-6e78a9c9d33b', NULL, NULL, NULL, NULL, 'Blue'),
    ('495c30aa-3cdd-47f7-9106-ee600053a8b4', '75a8b2db-5700-4920-9b12-5719ee5357a0', '597df194-fdc9-4c01-be66-f13bc4353e20', NULL, NULL, NULL, NULL, 'L'),
    ('df23705c-d9e2-4cae-b4ed-4e6f6f0acdad', '75a8b2db-5700-4920-9b12-5719ee5357a0', 'bbf71dcc-e7ac-485b-8045-6e78a9c9d33b', NULL, NULL, NULL, NULL, 'Blue'),
    ('9a239f69-7a89-486d-a60d-5d46bfb213b8', '57cf284e-f51b-4cda-b127-74c5429fbec6', '597df194-fdc9-4c01-be66-f13bc4353e20', NULL, NULL, NULL, NULL, 'XL'),
    ('2b14dbab-9d66-4326-9cd2-142fa1118845', '57cf284e-f51b-4cda-b127-74c5429fbec6', 'bbf71dcc-e7ac-485b-8045-6e78a9c9d33b', NULL, NULL, NULL, NULL, 'Blue');

