INSERT INTO categories(id, parent_category_id, name)
VALUES
    ('bdbe39e6-7ac1-4077-bd9e-af0ea341e834', NULL, 'Clothes'),
    ('e7350af4-7dae-4371-97bd-2dedf41f0210', NULL, 'Electronics'),
    ('fadd02a1-e83d-4d0b-9e1d-80abf5f84d5e', NULL, 'Books'),
    ('a8d1ab54-c525-407d-a774-2d77b4536c6d', NULL, 'Beauty'),
    ('dcce530e-a59b-493c-af63-f553a9d7b5dd', NULL, 'Sports'),
    ('3497370a-70ae-4b9a-8194-8f40151798f2', NULL, 'Toys'),
    ('c7f499ba-ad85-47aa-881b-68d8b24ce250', NULL, 'Food');

INSERT INTO categories(id, parent_category_id, name)
VALUES
    ('78d3abe9-45f0-4f39-8020-e27d0f11032c', 'bdbe39e6-7ac1-4077-bd9e-af0ea341e834', 'Man'),
    ('55eb0221-207f-4278-a45b-6e6414b1d353', 'bdbe39e6-7ac1-4077-bd9e-af0ea341e834', 'Woman'),
    ('79b55d26-66d5-41cf-a5a2-e015a096e6c1', 'e7350af4-7dae-4371-97bd-2dedf41f0210', 'Computers'),
    ('2193e2af-3c16-42ad-83e5-8582b9a1f46b', 'e7350af4-7dae-4371-97bd-2dedf41f0210', 'Mobile Phones'),
    ('90cf3686-d46f-4fbf-a63d-d97043aad051', 'e7350af4-7dae-4371-97bd-2dedf41f0210', 'TV and accessories'),
    ('95913ab1-5c41-4b65-9ebd-8bf0abebffd8', 'e7350af4-7dae-4371-97bd-2dedf41f0210', 'Home appliances'),
    ('93cdc18b-9c0e-4962-894d-8bee571159a0', 'a8d1ab54-c525-407d-a774-2d77b4536c6d', 'Hair dryers'),
    ('0ec69ab6-0482-43d4-bdd6-abafc5d1172f', 'a8d1ab54-c525-407d-a774-2d77b4536c6d', 'Oral hygiene'),
    ('34fd273c-3adf-4c80-a4e2-d67ebaa8b32f', 'a8d1ab54-c525-407d-a774-2d77b4536c6d', 'Face hygiene'),
    ('d3783d27-3405-4ce2-ac1a-2eb1ef5321ef', 'a8d1ab54-c525-407d-a774-2d77b4536c6d', 'Health'),
    ('d5d9e38a-9f54-4ac5-bf4e-4d0cc00a5cae', 'a8d1ab54-c525-407d-a774-2d77b4536c6d', 'Relax and massage'),
    ('0dd6169b-0608-4f47-98ec-8cbc1079502b', 'dcce530e-a59b-493c-af63-f553a9d7b5dd', 'Team Sports'),
    ('44b80575-47db-47a6-b4b8-d55c99a3e62e', 'dcce530e-a59b-493c-af63-f553a9d7b5dd', 'Individual Sports'),
    ('e00989c8-f5de-46ef-9be1-78dd016732ba', 'dcce530e-a59b-493c-af63-f553a9d7b5dd', 'Fitness & Exercise'),
    ('e56bdced-84cd-4c2c-98d0-281aeebcee1a', 'dcce530e-a59b-493c-af63-f553a9d7b5dd', 'Outdoor & Adventure'),
    ('444e84ae-d620-4a82-9a07-d77dcc900db4', '3497370a-70ae-4b9a-8194-8f40151798f2', 'Educational Toys'),
    ('39c31d89-4e51-4361-a39f-0ec37f0e0baa', '3497370a-70ae-4b9a-8194-8f40151798f2', 'Electronics & Robotic Toys'),
    ('6cceaf32-eed4-4c7a-bd4e-58448d22588a', '3497370a-70ae-4b9a-8194-8f40151798f2', 'Game & Puzzles'),
    ('087ee385-1f49-443d-b82d-afa191457fb0', '3497370a-70ae-4b9a-8194-8f40151798f2', 'Building & Construction Toys');

INSERT INTO categories(id, parent_category_id, name)
VALUES
    ('1bc39904-6c95-4cd7-8588-ef5b29510101', '78d3abe9-45f0-4f39-8020-e27d0f11032c', 'T-shirts'),
    ('95a0e25b-1e78-4fe0-80b9-9d02ee4df7b0', '78d3abe9-45f0-4f39-8020-e27d0f11032c', 'Jeans'),
    ('933d8ae1-427e-4969-8b43-a7d335eaf7b4', '78d3abe9-45f0-4f39-8020-e27d0f11032c', 'Jackets'),
    ('2b6b751e-c4a3-49da-8821-95062eae0b76', '78d3abe9-45f0-4f39-8020-e27d0f11032c', 'Sweatshirts'),
    ('2d9df50f-adb0-4ee0-af33-eff8c8f5e4c6', '78d3abe9-45f0-4f39-8020-e27d0f11032c', 'Accessories'),
    ('d7accf05-3189-4925-8694-339d0a7e9d0d', '55eb0221-207f-4278-a45b-6e6414b1d353', 'Dresses'),
    ('61e51672-9269-4f36-b2f1-bc0437b9558f', '55eb0221-207f-4278-a45b-6e6414b1d353', 'Skirts'),
    ('b9b8d583-2a96-4aee-b1ab-48a3af667aa1', '95913ab1-5c41-4b65-9ebd-8bf0abebffd8', 'Dishwashers'),
    ('82ba420f-b4e4-482a-bf59-5c81a2439e9c', '95913ab1-5c41-4b65-9ebd-8bf0abebffd8', 'Washing machines'),
    ('33c140df-4889-4151-b4f2-6d9411722e5a', '95913ab1-5c41-4b65-9ebd-8bf0abebffd8', 'Clothes dryer');

INSERT INTO products(id, category_id, name, approximate_price, delivery_price, description, info)
VALUES
    ('1c047f78-1b04-4225-87eb-c7ea9da30882', '933d8ae1-427e-4969-8b43-a7d335eaf7b4', 'The North Face QUEST - Kurtka przeciwdeszczowa', 399.0, 15.0, 'A versatile outdoor garment designed for hiking, trekking, and alpinism. Made from Polartec fabric, it offers high breathability while remaining fully windproof and waterproof, ensuring reliable protection and comfort in changing mountain conditions.', NULL),
    ('e01be131-fcb9-4d30-a3a0-44e49c52469b', '82ba420f-b4e4-482a-bf59-5c81a2439e9c', 'Bosch WAN2415GPL Washing Machine', 403.91, 15.0, 'The Bosch Serie 6 WGG154ZSPL washing machine offers a 10 kg load capacity, 1400 RPM spin speed, and 14 versatile programs. Its 70 L drum ensures perfectly clean laundry with minimal water usage, even for smaller loads, thanks to the ActiveWater Plus system. Energy efficient and quiet, it features an advanced side panel design that reduces vibrations and noise during spinning. Powered by the EcoSilence Drive motor, it also comes with the option of a free 10 year extended warranty when registered online.', NULL),
    ('5be4d7d2-5180-43c1-91c7-dbc07ae632b1', '82ba420f-b4e4-482a-bf59-5c81a2439e9c', 'Bosch Series 6 WGG154ZSPL Washing Machine - 10 kg, 1400 RPM, steam, energy-efficient', 645.76, 15.0, 'The Bosch Serie 6 WGG154ZSPL washing machine offers a 10 kg load capacity, 1400 RPM spin speed, and 14 wash programs. The large 70 L VarioDrum ensures thorough cleaning even with smaller loads, supported by the water-saving ActiveWater Plus system. It operates in top energy class A and features a side-panel design that reduces noise and vibration during spinning. The EcoSilence Drive motor provides quiet, reliable performance and can be registered online for a free 10-year warranty. The Iron Assist steam function helps reduce wrinkles by up to 50 percent, making clothes easier to iron.', NULL),
    ('8bd3039d-004c-4f54-a8af-7fbf0d17e537', '2b6b751e-c4a3-49da-8821-95062eae0b76', 'U.S. Polo Assn. - Bluza', 175.0, 15.0, 'A casual mens sweatshirt from U.S. Polo Assn., combining a clean design with everyday comfort. Made from soft, durable fabric, it offers a relaxed fit suitable for regular wear. Ideal for layering and versatile styling.', NULL),
    ('1a88fa6e-96ca-4577-9442-cfbca25adc48', '82ba420f-b4e4-482a-bf59-5c81a2439e9c', 'Bosch WGB2440EPL Washing Machine - 1400 RPM, 9 kg, 69 dB, White', 1044.74, 15.0, 'The Bosch Serie 6 WGG154ZSPL washing machine offers a 10 kg load capacity, 1400 RPM spin speed, and 14 wash programs. The 70 L VarioDrum ensures efficient and gentle washing, while ActiveWater Plus optimizes water usage even for small loads. The machine operates in energy class A and features a side-panel design that reduces noise and vibration. The EcoSilence Drive motor provides quiet, durable performance and can be registered online for a free 10-year warranty. The Iron Assist steam program reduces wrinkles by up to 50 percent, making ironing easier and refreshing shirts or garments in about 20 minutes.', NULL),
    ('94b60eb1-0c9a-4869-b104-f718067e6a93', '82ba420f-b4e4-482a-bf59-5c81a2439e9c', 'Whirlpool Industrial Washing Machine AWG1114SD', 1139.05, 15.0, 'The WHIRLPOOL AWG1114SD is an industrial front-loading washing machine designed for heavy-duty use. It offers an 11 kg load capacity with 14 versatile programs to handle a wide range of laundry needs. The machine features a clear display and electro-mechanical controls for easy operation. Built for efficiency, it holds an energy rating of Class A and operates quietly, with a noise level of 76–80 dB during spinning. Its robust design, durable materials, and reliable performance make it ideal for commercial or industrial laundry environments.', NULL),
    ('85b192e9-592d-4bc6-89fc-8f4b41a35e82', '82ba420f-b4e4-482a-bf59-5c81a2439e9c', 'Whirlpool FFB9258SVPL Washing Machine – 9 kg, 1200 RPM, 14 programs, Inverter motor, FreshCare+', 335.42, 15.0, 'The Whirlpool FFB9258SVPL is a freestanding front-loading washing machine designed for convenient and efficient home laundry. With a 9 kg drum and 1200 RPM spin speed, it handles everyday laundry with ease. The machine offers 14 versatile programs to suit different fabric types and soil levels. Key features include FreshCare+, which keeps clothes fresh for hours after the cycle ends by gently massaging fabrics with steam and drum movements, and Steam Refresh, which removes odors and smooths wrinkles in just 20 minutes. The Sense Inverter motor ensures quiet, energy-efficient, and long-lasting performance. Additional features include foam and imbalance control, adjustable spin speed, end-of-cycle indicator, and a child lock for safety. This washing machine combines advanced technology with practical convenience for everyday use.', NULL),
    ('4f1ecc76-3fc1-4b2c-8270-1d930b48e31e', '1bc39904-6c95-4cd7-8588-ef5b29510101', 'U.S. Polo Assn. ARJUN - T-shirt basic', 21.21, 15.0, 'Basic dark sapphire T-shirt by U.S. Polo Assn., comfortable fit and casual style.', NULL);

INSERT INTO variants(id, product_id, price, stock_quantity, additional_properties, description, created_at, updated_at)
VALUES
    ('b9c4ed38-73f6-4238-9b03-97208a9c498f', '1c047f78-1b04-4225-87eb-c7ea9da30882', 399.0, 3, NULL, 'A versatile outdoor garment designed for hiking, trekking, and alpinism. Made from Polartec fabric, it offers high breathability while remaining fully windproof and waterproof, ensuring reliable protection and comfort in changing mountain conditions.', '2025-12-11 20:44:06.163995', '2025-12-11 20:44:06.163995'),
    ('4e386538-772c-4267-8de9-291a25bf40e4', '1c047f78-1b04-4225-87eb-c7ea9da30882', 399.0, 49, NULL, 'A versatile outdoor garment designed for hiking, trekking, and alpinism. Made from Polartec fabric, it offers high breathability while remaining fully windproof and waterproof, ensuring reliable protection and comfort in changing mountain conditions.', '2025-12-11 20:44:06.163995', '2025-12-11 20:44:06.163995'),
    ('0e296e5e-b90f-4716-8a2b-d958f426f957', '1c047f78-1b04-4225-87eb-c7ea9da30882', 399.0, 10, NULL, 'A versatile outdoor garment designed for hiking, trekking, and alpinism. Made from Polartec fabric, it offers high breathability while remaining fully windproof and waterproof, ensuring reliable protection and comfort in changing mountain conditions.', '2025-12-11 20:44:06.163995', '2025-12-11 20:44:06.163995'),
    ('c7fcaf3d-04c5-4eed-be5a-c91afcdcfbde', '1c047f78-1b04-4225-87eb-c7ea9da30882', 399.0, 17, NULL, 'A versatile outdoor garment designed for hiking, trekking, and alpinism. Made from Polartec fabric, it offers high breathability while remaining fully windproof and waterproof, ensuring reliable protection and comfort in changing mountain conditions.', '2025-12-11 20:44:06.163995', '2025-12-11 20:44:06.163995'),
    ('c53a6ed7-5d8c-489f-b420-91cc1f0f2549', '1c047f78-1b04-4225-87eb-c7ea9da30882', 399.0, 28, NULL, 'A versatile outdoor garment designed for hiking, trekking, and alpinism. Made from Polartec fabric, it offers high breathability while remaining fully windproof and waterproof, ensuring reliable protection and comfort in changing mountain conditions.', '2025-12-11 20:44:06.163995', '2025-12-11 20:44:06.163995'),
    ('f9e41e88-f7b5-4112-8daa-5cb8e59338d8', '1c047f78-1b04-4225-87eb-c7ea9da30882', 399.0, 46, NULL, 'A versatile outdoor garment designed for hiking, trekking, and alpinism. Made from Polartec fabric, it offers high breathability while remaining fully windproof and waterproof, ensuring reliable protection and comfort in changing mountain conditions.', '2025-12-11 20:44:06.163995', '2025-12-11 20:44:06.163995'),
    ('c36cb43d-6bb6-4b77-8efb-298e3423637e', '1c047f78-1b04-4225-87eb-c7ea9da30882', 399.0, 17, NULL, 'A versatile outdoor garment designed for hiking, trekking, and alpinism. Made from Polartec fabric, it offers high breathability while remaining fully windproof and waterproof, ensuring reliable protection and comfort in changing mountain conditions.', '2025-12-11 20:44:06.163995', '2025-12-11 20:44:06.163995'),
    ('f6f81f29-3152-416c-90f2-98dd14e8a2c7', '1c047f78-1b04-4225-87eb-c7ea9da30882', 399.0, 41, NULL, 'A versatile outdoor garment designed for hiking, trekking, and alpinism. Made from Polartec fabric, it offers high breathability while remaining fully windproof and waterproof, ensuring reliable protection and comfort in changing mountain conditions.', '2025-12-11 20:44:06.163995', '2025-12-11 20:44:06.163995'),
    ('9b6d2b64-0978-4259-9fde-3c0bd84e17ef', '1c047f78-1b04-4225-87eb-c7ea9da30882', 399.0, 28, NULL, 'A versatile outdoor garment designed for hiking, trekking, and alpinism. Made from Polartec fabric, it offers high breathability while remaining fully windproof and waterproof, ensuring reliable protection and comfort in changing mountain conditions.', '2025-12-11 20:44:06.164995', '2025-12-11 20:44:06.164995'),
    ('2677035e-4efb-4e68-8d3f-df6e95a84915', 'e01be131-fcb9-4d30-a3a0-44e49c52469b', 403.91, 20, NULL, 'The Bosch Serie 6 WGG154ZSPL washing machine offers a 10 kg load capacity, 1400 RPM spin speed, and 14 versatile programs. Its 70 L drum ensures perfectly clean laundry with minimal water usage, even for smaller loads, thanks to the ActiveWater Plus system. Energy efficient and quiet, it features an advanced side panel design that reduces vibrations and noise during spinning. Powered by the EcoSilence Drive motor, it also comes with the option of a free 10 year extended warranty when registered online.', '2025-12-11 20:44:06.164995', '2025-12-11 20:44:06.164995'),
    ('4e865dc0-c7fb-452a-9241-ead8320ca671', '5be4d7d2-5180-43c1-91c7-dbc07ae632b1', 645.76, 30, NULL, 'The Bosch Serie 6 WGG154ZSPL washing machine offers a 10 kg load capacity, 1400 RPM spin speed, and 14 wash programs. The large 70 L VarioDrum ensures thorough cleaning even with smaller loads, supported by the water-saving ActiveWater Plus system. It operates in top energy class A and features a side-panel design that reduces noise and vibration during spinning. The EcoSilence Drive motor provides quiet, reliable performance and can be registered online for a free 10-year warranty. The Iron Assist steam function helps reduce wrinkles by up to 50 percent, making clothes easier to iron.', '2025-12-11 20:44:06.164995', '2025-12-11 20:44:06.164995'),
    ('9fe5317e-b3b4-4ed3-a848-25dc36ab6ceb', '8bd3039d-004c-4f54-a8af-7fbf0d17e537', 175.0, 45, NULL, 'A casual mens sweatshirt from U.S. Polo Assn., combining a clean design with everyday comfort. Made from soft, durable fabric, it offers a relaxed fit suitable for regular wear. Ideal for layering and versatile styling.', '2025-12-11 20:44:06.164995', '2025-12-11 20:44:06.164995'),
    ('ad75a08f-ec3e-4243-830a-1e3568a8579b', '8bd3039d-004c-4f54-a8af-7fbf0d17e537', 175.0, 42, NULL, 'A casual mens sweatshirt from U.S. Polo Assn., combining a clean design with everyday comfort. Made from soft, durable fabric, it offers a relaxed fit suitable for regular wear. Ideal for layering and versatile styling.', '2025-12-11 20:44:06.164995', '2025-12-11 20:44:06.164995'),
    ('8de28d7d-2a9d-47cc-b833-fa3aad3efed6', '8bd3039d-004c-4f54-a8af-7fbf0d17e537', 175.0, 21, NULL, 'A casual mens sweatshirt from U.S. Polo Assn., combining a clean design with everyday comfort. Made from soft, durable fabric, it offers a relaxed fit suitable for regular wear. Ideal for layering and versatile styling.', '2025-12-11 20:44:06.164995', '2025-12-11 20:44:06.164995'),
    ('a236eab0-590f-49b5-a7e7-407df08278ff', '8bd3039d-004c-4f54-a8af-7fbf0d17e537', 175.0, 43, NULL, 'A casual mens sweatshirt from U.S. Polo Assn., combining a clean design with everyday comfort. Made from soft, durable fabric, it offers a relaxed fit suitable for regular wear. Ideal for layering and versatile styling.', '2025-12-11 20:44:06.164995', '2025-12-11 20:44:06.164995'),
    ('adffe5ce-5f2a-4624-95d0-e4a7de75be8f', '8bd3039d-004c-4f54-a8af-7fbf0d17e537', 175.0, 31, NULL, 'A casual mens sweatshirt from U.S. Polo Assn., combining a clean design with everyday comfort. Made from soft, durable fabric, it offers a relaxed fit suitable for regular wear. Ideal for layering and versatile styling.', '2025-12-11 20:44:06.164995', '2025-12-11 20:44:06.164995'),
    ('a39f9ec0-fa20-4c98-9d03-21a72cb899fc', '8bd3039d-004c-4f54-a8af-7fbf0d17e537', 175.0, 18, NULL, 'A casual mens sweatshirt from U.S. Polo Assn., combining a clean design with everyday comfort. Made from soft, durable fabric, it offers a relaxed fit suitable for regular wear. Ideal for layering and versatile styling.', '2025-12-11 20:44:06.164995', '2025-12-11 20:44:06.164995'),
    ('0334e916-c2d3-48a8-9789-e0576751f517', '8bd3039d-004c-4f54-a8af-7fbf0d17e537', 175.0, 49, NULL, 'A casual mens sweatshirt from U.S. Polo Assn., combining a clean design with everyday comfort. Made from soft, durable fabric, it offers a relaxed fit suitable for regular wear. Ideal for layering and versatile styling.', '2025-12-11 20:44:06.164995', '2025-12-11 20:44:06.164995'),
    ('4931c320-c68f-47f0-857f-83438a7d36d3', '8bd3039d-004c-4f54-a8af-7fbf0d17e537', 175.0, 17, NULL, 'A casual mens sweatshirt from U.S. Polo Assn., combining a clean design with everyday comfort. Made from soft, durable fabric, it offers a relaxed fit suitable for regular wear. Ideal for layering and versatile styling.', '2025-12-11 20:44:06.164995', '2025-12-11 20:44:06.164995'),
    ('3655d5cc-f502-4f6c-8638-f8912d1354e2', '8bd3039d-004c-4f54-a8af-7fbf0d17e537', 175.0, 46, NULL, 'A casual mens sweatshirt from U.S. Polo Assn., combining a clean design with everyday comfort. Made from soft, durable fabric, it offers a relaxed fit suitable for regular wear. Ideal for layering and versatile styling.', '2025-12-11 20:44:06.164995', '2025-12-11 20:44:06.164995'),
    ('b5b3bb97-1c11-4099-81e2-b89d4d6ea7b2', '1a88fa6e-96ca-4577-9442-cfbca25adc48', 1044.74, 25, NULL, 'The Bosch Serie 6 WGG154ZSPL washing machine offers a 10 kg load capacity, 1400 RPM spin speed, and 14 wash programs. The 70 L VarioDrum ensures efficient and gentle washing, while ActiveWater Plus optimizes water usage even for small loads. The machine operates in energy class A and features a side-panel design that reduces noise and vibration. The EcoSilence Drive motor provides quiet, durable performance and can be registered online for a free 10-year warranty. The Iron Assist steam program reduces wrinkles by up to 50 percent, making ironing easier and refreshing shirts or garments in about 20 minutes.', '2025-12-11 20:44:06.164995', '2025-12-11 20:44:06.164995'),
    ('c3436eab-2aaa-4e9c-a1c0-24b7ac08803a', '94b60eb1-0c9a-4869-b104-f718067e6a93', 1139.05, 18, NULL, 'The WHIRLPOOL AWG1114SD is an industrial front-loading washing machine designed for heavy-duty use. It offers an 11 kg load capacity with 14 versatile programs to handle a wide range of laundry needs. The machine features a clear display and electro-mechanical controls for easy operation. Built for efficiency, it holds an energy rating of Class A and operates quietly, with a noise level of 76–80 dB during spinning. Its robust design, durable materials, and reliable performance make it ideal for commercial or industrial laundry environments.', '2025-12-11 20:44:06.164995', '2025-12-11 20:44:06.164995'),
    ('fa63eb13-76c6-4119-9b7d-65bc2b8b9093', '85b192e9-592d-4bc6-89fc-8f4b41a35e82', 335.42, 3, NULL, 'The Whirlpool FFB9258SVPL is a freestanding front-loading washing machine designed for convenient and efficient home laundry. With a 9 kg drum and 1200 RPM spin speed, it handles everyday laundry with ease. The machine offers 14 versatile programs to suit different fabric types and soil levels. Key features include FreshCare+, which keeps clothes fresh for hours after the cycle ends by gently massaging fabrics with steam and drum movements, and Steam Refresh, which removes odors and smooths wrinkles in just 20 minutes. The Sense Inverter motor ensures quiet, energy-efficient, and long-lasting performance. Additional features include foam and imbalance control, adjustable spin speed, end-of-cycle indicator, and a child lock for safety. This washing machine combines advanced technology with practical convenience for everyday use.', '2025-12-11 20:44:06.164995', '2025-12-11 20:44:06.164995'),
    ('194c7f3e-d64c-4aff-9d16-c5c13f0626eb', '4f1ecc76-3fc1-4b2c-8270-1d930b48e31e', 21.21, 37, NULL, 'Basic dark sapphire T-shirt by U.S. Polo Assn., comfortable fit and casual style.', '2025-12-11 20:44:06.164995', '2025-12-11 20:44:06.164995'),
    ('dcf22a3c-1ad2-46d4-945c-c47913e596d5', '4f1ecc76-3fc1-4b2c-8270-1d930b48e31e', 21.21, 25, NULL, 'Basic dark sapphire T-shirt by U.S. Polo Assn., comfortable fit and casual style.', '2025-12-11 20:44:06.164995', '2025-12-11 20:44:06.164995'),
    ('4e8c1518-3675-462c-a338-493dcc7054fd', '4f1ecc76-3fc1-4b2c-8270-1d930b48e31e', 21.21, 9, NULL, 'Basic dark sapphire T-shirt by U.S. Polo Assn., comfortable fit and casual style.', '2025-12-11 20:44:06.164995', '2025-12-11 20:44:06.164995'),
    ('34dd9449-eeea-4176-826f-4d3a099f59f3', '4f1ecc76-3fc1-4b2c-8270-1d930b48e31e', 21.21, 9, NULL, 'Basic dark sapphire T-shirt by U.S. Polo Assn., comfortable fit and casual style.', '2025-12-11 20:44:06.164995', '2025-12-11 20:44:06.164995'),
    ('f6420676-2bc7-46a5-b5ad-3aeadb179de1', '4f1ecc76-3fc1-4b2c-8270-1d930b48e31e', 21.21, 23, NULL, 'Basic dark sapphire T-shirt by U.S. Polo Assn., comfortable fit and casual style.', '2025-12-11 20:44:06.164995', '2025-12-11 20:44:06.164995'),
    ('28a547c9-9ca7-4af3-aa8e-448012bafdc1', '4f1ecc76-3fc1-4b2c-8270-1d930b48e31e', 21.21, 44, NULL, 'Basic dark sapphire T-shirt by U.S. Polo Assn., comfortable fit and casual style.', '2025-12-11 20:44:06.164995', '2025-12-11 20:44:06.164995'),
    ('322a6669-9446-4086-9090-f94ff586c47f', '4f1ecc76-3fc1-4b2c-8270-1d930b48e31e', 21.21, 17, NULL, 'Basic dark sapphire T-shirt by U.S. Polo Assn., comfortable fit and casual style.', '2025-12-11 20:44:06.164995', '2025-12-11 20:44:06.164995'),
    ('65569ef6-4b5a-45a8-bda2-db85f67bbcd7', '4f1ecc76-3fc1-4b2c-8270-1d930b48e31e', 21.21, 6, NULL, 'Basic dark sapphire T-shirt by U.S. Polo Assn., comfortable fit and casual style.', '2025-12-11 20:44:06.164995', '2025-12-11 20:44:06.164995'),
    ('989818f8-158f-430f-b477-1001f91bfd5d', '4f1ecc76-3fc1-4b2c-8270-1d930b48e31e', 21.21, 50, NULL, 'Basic dark sapphire T-shirt by U.S. Polo Assn., comfortable fit and casual style.', '2025-12-11 20:44:06.164995', '2025-12-11 20:44:06.164995');

INSERT INTO variant_images(id, variant_id, url, is_main, position, created_at, updated_at)
VALUES
    ('87a14b2d-0826-445b-9235-f87b896a98ca', 'b9c4ed38-73f6-4238-9b03-97208a9c498f', 'https://img01.ztat.net/article/spp-media-p1/e7d5535687874a518997522421231596/083a79b5507d44b0ba37460bf7169961.jpg?imwidth=1800', TRUE, '1', '2025-12-11 20:44:06.266015', '2025-12-11 20:44:06.266015'),
    ('86d60b7e-5319-4920-995d-edd97a109565', 'b9c4ed38-73f6-4238-9b03-97208a9c498f', 'https://img01.ztat.net/article/spp-media-p1/1f4a7b35647145aa83949357c38ebbf7/184e264ef0b848928b4fc45d92604e13.jpg?imwidth=1800', FALSE, '2', '2025-12-11 20:44:06.266015', '2025-12-11 20:44:06.266015'),
    ('4710f87e-1cf9-4218-9fbc-ed198e3d57f1', 'b9c4ed38-73f6-4238-9b03-97208a9c498f', 'https://img01.ztat.net/article/spp-media-p1/c61704b0794144afac449007b6094966/12449b06c0d04e9583adcc9cfe9d7b34.jpg?imwidth=1800', FALSE, '3', '2025-12-11 20:44:06.266015', '2025-12-11 20:44:06.266015'),
    ('503a8d2f-ed52-4afa-891c-b88752084003', 'b9c4ed38-73f6-4238-9b03-97208a9c498f', 'https://img01.ztat.net/article/spp-media-p1/dc190f0d0a57448699e86c73881391fe/4b1d1c00cc8c4d4183c5b010bf2413ec.jpg?imwidth=1800', FALSE, '4', '2025-12-11 20:44:06.266015', '2025-12-11 20:44:06.266015'),
    ('11a61efa-1286-4b7b-9095-3d54adc49f21', 'b9c4ed38-73f6-4238-9b03-97208a9c498f', 'https://img01.ztat.net/article/spp-media-p1/64f9e64b72fe4ffbabaa620816436caa/415c23d7a9b748c694e30b61a4dc1568.jpg?imwidth=1800', FALSE, '5', '2025-12-11 20:44:06.266015', '2025-12-11 20:44:06.266015'),
    ('d1441dc3-25e2-4dc0-88cc-0b215ba00b18', '4e386538-772c-4267-8de9-291a25bf40e4', 'https://img01.ztat.net/article/spp-media-p1/e7d5535687874a518997522421231596/083a79b5507d44b0ba37460bf7169961.jpg?imwidth=1800', TRUE, '1', '2025-12-11 20:44:06.266015', '2025-12-11 20:44:06.266015'),
    ('dbcfe326-ae47-4481-b474-4b79d2d4b44e', '4e386538-772c-4267-8de9-291a25bf40e4', 'https://img01.ztat.net/article/spp-media-p1/1f4a7b35647145aa83949357c38ebbf7/184e264ef0b848928b4fc45d92604e13.jpg?imwidth=1800', FALSE, '2', '2025-12-11 20:44:06.266015', '2025-12-11 20:44:06.266015'),
    ('d26e86cc-dc4a-4f7a-9a9c-1965a6328d15', '4e386538-772c-4267-8de9-291a25bf40e4', 'https://img01.ztat.net/article/spp-media-p1/c61704b0794144afac449007b6094966/12449b06c0d04e9583adcc9cfe9d7b34.jpg?imwidth=1800', FALSE, '3', '2025-12-11 20:44:06.266015', '2025-12-11 20:44:06.266015'),
    ('b8624f90-c88c-4858-bb30-95bf7ce82a35', '4e386538-772c-4267-8de9-291a25bf40e4', 'https://img01.ztat.net/article/spp-media-p1/dc190f0d0a57448699e86c73881391fe/4b1d1c00cc8c4d4183c5b010bf2413ec.jpg?imwidth=1800', FALSE, '4', '2025-12-11 20:44:06.266015', '2025-12-11 20:44:06.266015'),
    ('4511d379-88f3-466e-bcf5-628ad5da9e82', '4e386538-772c-4267-8de9-291a25bf40e4', 'https://img01.ztat.net/article/spp-media-p1/64f9e64b72fe4ffbabaa620816436caa/415c23d7a9b748c694e30b61a4dc1568.jpg?imwidth=1800', FALSE, '5', '2025-12-11 20:44:06.266015', '2025-12-11 20:44:06.266015'),
    ('2737af71-ff1c-48c1-931d-970a826f096b', '0e296e5e-b90f-4716-8a2b-d958f426f957', 'https://img01.ztat.net/article/spp-media-p1/e7d5535687874a518997522421231596/083a79b5507d44b0ba37460bf7169961.jpg?imwidth=1800', TRUE, '1', '2025-12-11 20:44:06.266015', '2025-12-11 20:44:06.266015'),
    ('42e20c81-a2d8-4c47-8bb0-c513bb8e7089', '0e296e5e-b90f-4716-8a2b-d958f426f957', 'https://img01.ztat.net/article/spp-media-p1/1f4a7b35647145aa83949357c38ebbf7/184e264ef0b848928b4fc45d92604e13.jpg?imwidth=1800', FALSE, '2', '2025-12-11 20:44:06.266015', '2025-12-11 20:44:06.266015'),
    ('845537ec-3974-4a54-9514-9713f411c041', '0e296e5e-b90f-4716-8a2b-d958f426f957', 'https://img01.ztat.net/article/spp-media-p1/c61704b0794144afac449007b6094966/12449b06c0d04e9583adcc9cfe9d7b34.jpg?imwidth=1800', FALSE, '3', '2025-12-11 20:44:06.266015', '2025-12-11 20:44:06.266015'),
    ('f1bbe3ba-d781-4d6c-8f3d-a413cfe7bdeb', '0e296e5e-b90f-4716-8a2b-d958f426f957', 'https://img01.ztat.net/article/spp-media-p1/dc190f0d0a57448699e86c73881391fe/4b1d1c00cc8c4d4183c5b010bf2413ec.jpg?imwidth=1800', FALSE, '4', '2025-12-11 20:44:06.266015', '2025-12-11 20:44:06.266015'),
    ('b5ec1bc4-60ec-451b-a4b1-57dc0b07b4cc', '0e296e5e-b90f-4716-8a2b-d958f426f957', 'https://img01.ztat.net/article/spp-media-p1/64f9e64b72fe4ffbabaa620816436caa/415c23d7a9b748c694e30b61a4dc1568.jpg?imwidth=1800', FALSE, '5', '2025-12-11 20:44:06.266015', '2025-12-11 20:44:06.266015'),
    ('91b70db1-ce24-41fb-889a-822c09bc8211', 'c7fcaf3d-04c5-4eed-be5a-c91afcdcfbde', 'https://img01.ztat.net/article/spp-media-p1/e7d5535687874a518997522421231596/083a79b5507d44b0ba37460bf7169961.jpg?imwidth=1800', TRUE, '1', '2025-12-11 20:44:06.266015', '2025-12-11 20:44:06.266015'),
    ('3e205bd0-130c-48b0-b4ae-5fd83b948069', 'c7fcaf3d-04c5-4eed-be5a-c91afcdcfbde', 'https://img01.ztat.net/article/spp-media-p1/1f4a7b35647145aa83949357c38ebbf7/184e264ef0b848928b4fc45d92604e13.jpg?imwidth=1800', FALSE, '2', '2025-12-11 20:44:06.266015', '2025-12-11 20:44:06.266015'),
    ('c34d4969-f94d-48e5-b5ff-fcacbc6f81a9', 'c7fcaf3d-04c5-4eed-be5a-c91afcdcfbde', 'https://img01.ztat.net/article/spp-media-p1/c61704b0794144afac449007b6094966/12449b06c0d04e9583adcc9cfe9d7b34.jpg?imwidth=1800', FALSE, '3', '2025-12-11 20:44:06.266015', '2025-12-11 20:44:06.266015'),
    ('cc4b4ea9-41e2-40d1-9921-25ab2b9eadf3', 'c7fcaf3d-04c5-4eed-be5a-c91afcdcfbde', 'https://img01.ztat.net/article/spp-media-p1/dc190f0d0a57448699e86c73881391fe/4b1d1c00cc8c4d4183c5b010bf2413ec.jpg?imwidth=1800', FALSE, '4', '2025-12-11 20:44:06.266015', '2025-12-11 20:44:06.266015'),
    ('7a4a63db-b3d5-40e2-8d34-d34fbb6e3c99', 'c7fcaf3d-04c5-4eed-be5a-c91afcdcfbde', 'https://img01.ztat.net/article/spp-media-p1/64f9e64b72fe4ffbabaa620816436caa/415c23d7a9b748c694e30b61a4dc1568.jpg?imwidth=1800', FALSE, '5', '2025-12-11 20:44:06.266015', '2025-12-11 20:44:06.266015'),
    ('43c86f0e-9b4b-4395-a8bc-cc30cd0789eb', 'c53a6ed7-5d8c-489f-b420-91cc1f0f2549', 'https://img01.ztat.net/article/spp-media-p1/e7d5535687874a518997522421231596/083a79b5507d44b0ba37460bf7169961.jpg?imwidth=1800', TRUE, '1', '2025-12-11 20:44:06.266015', '2025-12-11 20:44:06.266015'),
    ('d8b49637-4607-439c-a822-e03c81b35a56', 'c53a6ed7-5d8c-489f-b420-91cc1f0f2549', 'https://img01.ztat.net/article/spp-media-p1/1f4a7b35647145aa83949357c38ebbf7/184e264ef0b848928b4fc45d92604e13.jpg?imwidth=1800', FALSE, '2', '2025-12-11 20:44:06.266015', '2025-12-11 20:44:06.266015'),
    ('9c2a0d59-37ff-42d6-8aec-7a3645673952', 'c53a6ed7-5d8c-489f-b420-91cc1f0f2549', 'https://img01.ztat.net/article/spp-media-p1/c61704b0794144afac449007b6094966/12449b06c0d04e9583adcc9cfe9d7b34.jpg?imwidth=1800', FALSE, '3', '2025-12-11 20:44:06.266015', '2025-12-11 20:44:06.266015'),
    ('ed872212-58fc-42d5-9e0e-48463798cfe6', 'c53a6ed7-5d8c-489f-b420-91cc1f0f2549', 'https://img01.ztat.net/article/spp-media-p1/dc190f0d0a57448699e86c73881391fe/4b1d1c00cc8c4d4183c5b010bf2413ec.jpg?imwidth=1800', FALSE, '4', '2025-12-11 20:44:06.266015', '2025-12-11 20:44:06.266015'),
    ('9a424987-7331-4efb-81dc-6617f4f45c33', 'c53a6ed7-5d8c-489f-b420-91cc1f0f2549', 'https://img01.ztat.net/article/spp-media-p1/64f9e64b72fe4ffbabaa620816436caa/415c23d7a9b748c694e30b61a4dc1568.jpg?imwidth=1800', FALSE, '5', '2025-12-11 20:44:06.266015', '2025-12-11 20:44:06.266015'),
    ('255c8c5a-7cd5-4a6b-87e3-4e445231abb2', 'f9e41e88-f7b5-4112-8daa-5cb8e59338d8', 'https://img01.ztat.net/article/spp-media-p1/e7d5535687874a518997522421231596/083a79b5507d44b0ba37460bf7169961.jpg?imwidth=1800', TRUE, '1', '2025-12-11 20:44:06.266015', '2025-12-11 20:44:06.266015'),
    ('0f100da3-3188-400e-8f3d-96e3f1eb4294', 'f9e41e88-f7b5-4112-8daa-5cb8e59338d8', 'https://img01.ztat.net/article/spp-media-p1/1f4a7b35647145aa83949357c38ebbf7/184e264ef0b848928b4fc45d92604e13.jpg?imwidth=1800', FALSE, '2', '2025-12-11 20:44:06.266015', '2025-12-11 20:44:06.266015'),
    ('8150384b-9be9-419a-b3b1-d879c4753967', 'f9e41e88-f7b5-4112-8daa-5cb8e59338d8', 'https://img01.ztat.net/article/spp-media-p1/c61704b0794144afac449007b6094966/12449b06c0d04e9583adcc9cfe9d7b34.jpg?imwidth=1800', FALSE, '3', '2025-12-11 20:44:06.266015', '2025-12-11 20:44:06.266015'),
    ('514497c3-7d53-4971-a6f0-c2dd2bc847f4', 'f9e41e88-f7b5-4112-8daa-5cb8e59338d8', 'https://img01.ztat.net/article/spp-media-p1/dc190f0d0a57448699e86c73881391fe/4b1d1c00cc8c4d4183c5b010bf2413ec.jpg?imwidth=1800', FALSE, '4', '2025-12-11 20:44:06.266015', '2025-12-11 20:44:06.266015'),
    ('f416933c-20a0-475c-95da-d52b2630e2cf', 'f9e41e88-f7b5-4112-8daa-5cb8e59338d8', 'https://img01.ztat.net/article/spp-media-p1/64f9e64b72fe4ffbabaa620816436caa/415c23d7a9b748c694e30b61a4dc1568.jpg?imwidth=1800', FALSE, '5', '2025-12-11 20:44:06.266015', '2025-12-11 20:44:06.266015'),
    ('a02c922c-fcbf-4284-bff4-4d9f3194ad10', 'c36cb43d-6bb6-4b77-8efb-298e3423637e', 'https://img01.ztat.net/article/spp-media-p1/e7d5535687874a518997522421231596/083a79b5507d44b0ba37460bf7169961.jpg?imwidth=1800', TRUE, '1', '2025-12-11 20:44:06.266015', '2025-12-11 20:44:06.266015'),
    ('ff1821df-bca6-4eff-ac1d-ffee11fdbf14', 'c36cb43d-6bb6-4b77-8efb-298e3423637e', 'https://img01.ztat.net/article/spp-media-p1/1f4a7b35647145aa83949357c38ebbf7/184e264ef0b848928b4fc45d92604e13.jpg?imwidth=1800', FALSE, '2', '2025-12-11 20:44:06.266015', '2025-12-11 20:44:06.266015'),
    ('cae29b24-c8fa-4aec-886a-92e51eb71ecb', 'c36cb43d-6bb6-4b77-8efb-298e3423637e', 'https://img01.ztat.net/article/spp-media-p1/c61704b0794144afac449007b6094966/12449b06c0d04e9583adcc9cfe9d7b34.jpg?imwidth=1800', FALSE, '3', '2025-12-11 20:44:06.266015', '2025-12-11 20:44:06.266015'),
    ('baed5aee-20a3-4679-b689-177a4925f101', 'c36cb43d-6bb6-4b77-8efb-298e3423637e', 'https://img01.ztat.net/article/spp-media-p1/dc190f0d0a57448699e86c73881391fe/4b1d1c00cc8c4d4183c5b010bf2413ec.jpg?imwidth=1800', FALSE, '4', '2025-12-11 20:44:06.266015', '2025-12-11 20:44:06.266015'),
    ('56f70622-ba72-4770-b552-84733e4bc21e', 'c36cb43d-6bb6-4b77-8efb-298e3423637e', 'https://img01.ztat.net/article/spp-media-p1/64f9e64b72fe4ffbabaa620816436caa/415c23d7a9b748c694e30b61a4dc1568.jpg?imwidth=1800', FALSE, '5', '2025-12-11 20:44:06.266015', '2025-12-11 20:44:06.266015'),
    ('53dc0a66-9e44-44b0-8156-f9346397ed29', 'f6f81f29-3152-416c-90f2-98dd14e8a2c7', 'https://img01.ztat.net/article/spp-media-p1/e7d5535687874a518997522421231596/083a79b5507d44b0ba37460bf7169961.jpg?imwidth=1800', TRUE, '1', '2025-12-11 20:44:06.266015', '2025-12-11 20:44:06.266015'),
    ('148d2a5a-2b2b-4e72-8c60-57c1141535af', 'f6f81f29-3152-416c-90f2-98dd14e8a2c7', 'https://img01.ztat.net/article/spp-media-p1/1f4a7b35647145aa83949357c38ebbf7/184e264ef0b848928b4fc45d92604e13.jpg?imwidth=1800', FALSE, '2', '2025-12-11 20:44:06.266015', '2025-12-11 20:44:06.266015'),
    ('73741c30-21ae-4b06-bf9a-59a9a7b63457', 'f6f81f29-3152-416c-90f2-98dd14e8a2c7', 'https://img01.ztat.net/article/spp-media-p1/c61704b0794144afac449007b6094966/12449b06c0d04e9583adcc9cfe9d7b34.jpg?imwidth=1800', FALSE, '3', '2025-12-11 20:44:06.266015', '2025-12-11 20:44:06.266015'),
    ('9f960030-fe77-4598-a5a8-1758b2a3cc43', 'f6f81f29-3152-416c-90f2-98dd14e8a2c7', 'https://img01.ztat.net/article/spp-media-p1/dc190f0d0a57448699e86c73881391fe/4b1d1c00cc8c4d4183c5b010bf2413ec.jpg?imwidth=1800', FALSE, '4', '2025-12-11 20:44:06.266015', '2025-12-11 20:44:06.266015'),
    ('db6b425d-618e-4d49-bbca-9b3080cee5f0', 'f6f81f29-3152-416c-90f2-98dd14e8a2c7', 'https://img01.ztat.net/article/spp-media-p1/64f9e64b72fe4ffbabaa620816436caa/415c23d7a9b748c694e30b61a4dc1568.jpg?imwidth=1800', FALSE, '5', '2025-12-11 20:44:06.266015', '2025-12-11 20:44:06.266015'),
    ('eff45166-884f-41e8-980c-1ef4c89235e8', '9b6d2b64-0978-4259-9fde-3c0bd84e17ef', 'https://img01.ztat.net/article/spp-media-p1/e7d5535687874a518997522421231596/083a79b5507d44b0ba37460bf7169961.jpg?imwidth=1800', TRUE, '1', '2025-12-11 20:44:06.266015', '2025-12-11 20:44:06.266015'),
    ('4c399b4e-9363-4fcd-97f9-e81f34a280bf', '9b6d2b64-0978-4259-9fde-3c0bd84e17ef', 'https://img01.ztat.net/article/spp-media-p1/1f4a7b35647145aa83949357c38ebbf7/184e264ef0b848928b4fc45d92604e13.jpg?imwidth=1800', FALSE, '2', '2025-12-11 20:44:06.266015', '2025-12-11 20:44:06.266015'),
    ('d91f36e6-3d8c-40a8-a1a2-0f96b81beaea', '9b6d2b64-0978-4259-9fde-3c0bd84e17ef', 'https://img01.ztat.net/article/spp-media-p1/c61704b0794144afac449007b6094966/12449b06c0d04e9583adcc9cfe9d7b34.jpg?imwidth=1800', FALSE, '3', '2025-12-11 20:44:06.266015', '2025-12-11 20:44:06.266015'),
    ('a3ca5f0a-7037-48db-93f8-387c81c9846b', '9b6d2b64-0978-4259-9fde-3c0bd84e17ef', 'https://img01.ztat.net/article/spp-media-p1/dc190f0d0a57448699e86c73881391fe/4b1d1c00cc8c4d4183c5b010bf2413ec.jpg?imwidth=1800', FALSE, '4', '2025-12-11 20:44:06.266015', '2025-12-11 20:44:06.266015'),
    ('e61401e4-fd72-4234-abdc-3d95aefcfc11', '9b6d2b64-0978-4259-9fde-3c0bd84e17ef', 'https://img01.ztat.net/article/spp-media-p1/64f9e64b72fe4ffbabaa620816436caa/415c23d7a9b748c694e30b61a4dc1568.jpg?imwidth=1800', FALSE, '5', '2025-12-11 20:44:06.266015', '2025-12-11 20:44:06.266015'),
    ('9e888ff4-e832-4519-8243-bb1bbe706628', '2677035e-4efb-4e68-8d3f-df6e95a84915', 'https://a.allegroimg.com/s1024/11b31b/652a3e3b4a89acedab407e1ceac0/Pralka-Bosch-WAN2415GPL', TRUE, '1', '2025-12-11 20:44:06.266015', '2025-12-11 20:44:06.266015'),
    ('d3bba5e4-928d-4001-b1a1-e9b3cc358977', '4e865dc0-c7fb-452a-9241-ead8320ca671', 'https://a.allegroimg.com/s1024/11bd3a/0c6f3b9f4620aa3b8a0de5224e00/Pralka-Bosch-Seria-6-WGG154ZSPL-10-kg1400-obr-para-oszczedna-Maksymalny-wsad-10-kg', TRUE, '1', '2025-12-11 20:44:06.266015', '2025-12-11 20:44:06.266015'),
    ('d5908766-e81b-4158-b594-7e98e3949d64', '4e865dc0-c7fb-452a-9241-ead8320ca671', 'https://a.allegroimg.com/s720/11cf65/9a8653b8494bb5c85e63deb0cbb1/Pralka-Bosch-Seria-6-WGG154ZSPL-10-kg1400-obr-para-oszczedna-Sposob-zaladunku-od-frontu', FALSE, '2', '2025-12-11 20:44:06.266015', '2025-12-11 20:44:06.266015'),
    ('ddf6dff1-1d66-42fa-9e41-855728e954f4', '4e865dc0-c7fb-452a-9241-ead8320ca671', 'https://a.allegroimg.com/s720/11fa51/7598e3f7415dae3b150ba2b02edc/Pralka-Bosch-Seria-6-WGG154ZSPL-10-kg1400-obr-para-oszczedna-Wysokosc-produktu-84-5-cm', FALSE, '3', '2025-12-11 20:44:06.266015', '2025-12-11 20:44:06.266015'),
    ('1db7b17e-b40c-48c1-a42a-3f2aca4dea0f', '4e865dc0-c7fb-452a-9241-ead8320ca671', 'https://a.allegroimg.com/s720/117b70/661f725b40219665976998c3130e/Pralka-Bosch-Seria-6-WGG154ZSPL-10-kg1400-obr-para-oszczedna-Model-WGG154ZSPL', FALSE, '4', '2025-12-11 20:44:06.266015', '2025-12-11 20:44:06.266015'),
    ('6856006a-b3fe-4e37-acac-672b663cfff7', '4e865dc0-c7fb-452a-9241-ead8320ca671', 'https://a.allegroimg.com/s720/11a284/e12ec5de4b39a0749ad7643e3146/Pralka-Bosch-Seria-6-WGG154ZSPL-10-kg1400-obr-para-oszczedna-Marka-Bosch', FALSE, '5', '2025-12-11 20:44:06.266015', '2025-12-11 20:44:06.266015'),
    ('a369a9af-532c-4d55-a355-fb81ee7d9a28', 'b5b3bb97-1c11-4099-81e2-b89d4d6ea7b2', 'https://a.allegroimg.com/s720/1150f5/6a6b06684e09829bc365346585a8/Pralka-Bosch-WGB2440EPL-1400-obr-min-9-kg-69-dB-Biala', TRUE, '1', '2025-12-11 20:44:06.266015', '2025-12-11 20:44:06.266015'),
    ('bed0a53b-6798-4d91-b515-e1b706da968e', 'b5b3bb97-1c11-4099-81e2-b89d4d6ea7b2', 'https://a.allegroimg.com/s720/116f7e/d614e4d64adc9323cf0d4a6c7a5a/Pralka-Bosch-WGB2440EPL-1400-obr-min-9-kg-69-dB-Biala-Kod-producenta-WGB2440EPL', FALSE, '2', '2025-12-11 20:44:06.266015', '2025-12-11 20:44:06.266015'),
    ('16286858-c08c-4236-b167-bfb4d906c261', 'b5b3bb97-1c11-4099-81e2-b89d4d6ea7b2', 'https://a.allegroimg.com/s720/112759/ad9dfa5e4d38879d55a90a9b7442/Pralka-Bosch-WGB2440EPL-1400-obr-min-9-kg-69-dB-Biala-Marka-Bosch', FALSE, '3', '2025-12-11 20:44:06.266015', '2025-12-11 20:44:06.266015'),
    ('04762f7b-1617-433a-8d83-23133242093e', 'b5b3bb97-1c11-4099-81e2-b89d4d6ea7b2', 'https://a.allegroimg.com/s720/112759/ad9dfa5e4d38879d55a90a9b7442/Pralka-Bosch-WGB2440EPL-1400-obr-min-9-kg-69-dB-Biala-Marka-Bosch', FALSE, '4', '2025-12-11 20:44:06.266015', '2025-12-11 20:44:06.266015'),
    ('cb103505-e3f3-43fb-9e5a-69849c43db4b', 'b5b3bb97-1c11-4099-81e2-b89d4d6ea7b2', 'https://a.allegroimg.com/s720/1125bd/113fe99440a09336d763cd273cf6/Pralka-Bosch-WGB2440EPL-1400-obr-min-9-kg-69-dB-Biala-Kolor-dominujacy-bialy', FALSE, '5', '2025-12-11 20:44:06.266015', '2025-12-11 20:44:06.266015'),
    ('6a344777-173a-4e2b-bc93-8b2a0a97b06a', 'c3436eab-2aaa-4e9c-a1c0-24b7ac08803a', 'https://a.allegroimg.com/s720/11aefa/7f41462e4261902c9b4c17778882/WHIRLPOOL-Pralka-przemyslowa-AWG1114SD', TRUE, '1', '2025-12-11 20:44:06.266015', '2025-12-11 20:44:06.266015'),
    ('43a5fd05-257c-4286-933c-9a307608a873', 'c3436eab-2aaa-4e9c-a1c0-24b7ac08803a', 'https://a.allegroimg.com/s720/1113b9/5eb4a698453cb29c69fcb90ae4a7/WHIRLPOOL-Pralka-przemyslowa-AWG1114SD-Kod-producenta-869991655660', FALSE, '2', '2025-12-11 20:44:06.266015', '2025-12-11 20:44:06.266015'),
    ('382ec49f-e15f-4b6e-9130-96a9e5a4fb37', 'fa63eb13-76c6-4119-9b7d-65bc2b8b9093', 'https://a.allegroimg.com/s720/11f7aa/d737f35d48019295dc61d6430375/Pralka-WHIRLPOOL-FFB9258SVPL-9kg-1200obr-14programow-inwerter-FreshCare', TRUE, '1', '2025-12-11 20:44:06.266015', '2025-12-11 20:44:06.266015'),
    ('8c7517eb-0761-413b-85e7-b53abbf62c77', 'fa63eb13-76c6-4119-9b7d-65bc2b8b9093', 'https://a.allegroimg.com/s720/11d0be/e1b0896e419897f920c50e76861c/Pralka-WHIRLPOOL-FFB9258SVPL-9kg-1200obr-14programow-inwerter-FreshCare-Marka-Whirlpool', FALSE, '2', '2025-12-11 20:44:06.266015', '2025-12-11 20:44:06.266015'),
    ('84ad2937-e750-4a8b-a790-ec6c1fa23ca4', 'fa63eb13-76c6-4119-9b7d-65bc2b8b9093', 'https://a.allegroimg.com/s720/1176c9/1a9894d648738a674dd703a9b102/Pralka-WHIRLPOOL-FFB9258SVPL-9kg-1200obr-14programow-inwerter-FreshCare-Kolor-dominujacy-bialy', FALSE, '3', '2025-12-11 20:44:06.266015', '2025-12-11 20:44:06.266015'),
    ('e17239c5-2fb8-4173-8fc9-b520d3a7f192', 'fa63eb13-76c6-4119-9b7d-65bc2b8b9093', 'https://a.allegroimg.com/s720/1144cb/a29bcfae4ac6a1a1b4a07e9936c1/Pralka-WHIRLPOOL-FFB9258SVPL-9kg-1200obr-14programow-inwerter-FreshCare-Stan-opakowania-oryginalne', FALSE, '4', '2025-12-11 20:44:06.266015', '2025-12-11 20:44:06.266015'),
    ('8ff2cb23-a63f-40b8-bb73-5688a471a1ff', '194c7f3e-d64c-4aff-9d16-c5c13f0626eb', 'https://img01.ztat.net/article/spp-media-p1/216b9e974c43487d9c5863dcff45f2b0/592fdc01317647a9a47072654e355dbc.jpg?imwidth=1800', FALSE, '1', '2025-12-11 20:44:06.266015', '2025-12-11 20:44:06.266015'),
    ('2972208f-d9df-4271-8d71-1afd89e63658', '194c7f3e-d64c-4aff-9d16-c5c13f0626eb', 'https://img01.ztat.net/article/spp-media-p1/e4ff9126c14844248ed886d968298c61/ac6d009ad2a7484b8173b2e62603a9bf.jpg?imwidth=1800', FALSE, '2', '2025-12-11 20:44:06.266015', '2025-12-11 20:44:06.266015'),
    ('8977b642-bbb5-4125-a8e0-b4a381c76552', '194c7f3e-d64c-4aff-9d16-c5c13f0626eb', 'https://img01.ztat.net/article/spp-media-p1/b9ba234c625947c7a044612c887155b3/d15cd33de1914600b1019db85e09294d.jpg?imwidth=1800', FALSE, '3', '2025-12-11 20:44:06.266015', '2025-12-11 20:44:06.266015'),
    ('800ce8e0-cc82-4365-9304-27fbfbd6e357', 'dcf22a3c-1ad2-46d4-945c-c47913e596d5', 'https://img01.ztat.net/article/spp-media-p1/216b9e974c43487d9c5863dcff45f2b0/592fdc01317647a9a47072654e355dbc.jpg?imwidth=1800', FALSE, '1', '2025-12-11 20:44:06.266015', '2025-12-11 20:44:06.266015'),
    ('bceb1ccd-6074-473a-a6a1-ebf166cdd114', 'dcf22a3c-1ad2-46d4-945c-c47913e596d5', 'https://img01.ztat.net/article/spp-media-p1/e4ff9126c14844248ed886d968298c61/ac6d009ad2a7484b8173b2e62603a9bf.jpg?imwidth=1800', FALSE, '2', '2025-12-11 20:44:06.266015', '2025-12-11 20:44:06.266015'),
    ('6a8f9866-af3a-4be6-b78a-186a76d1c15e', 'dcf22a3c-1ad2-46d4-945c-c47913e596d5', 'https://img01.ztat.net/article/spp-media-p1/b9ba234c625947c7a044612c887155b3/d15cd33de1914600b1019db85e09294d.jpg?imwidth=1800', FALSE, '3', '2025-12-11 20:44:06.266015', '2025-12-11 20:44:06.266015'),
    ('6e865062-bb51-4567-acd5-cbfc33020871', '4e8c1518-3675-462c-a338-493dcc7054fd', 'https://img01.ztat.net/article/spp-media-p1/216b9e974c43487d9c5863dcff45f2b0/592fdc01317647a9a47072654e355dbc.jpg?imwidth=1800', FALSE, '1', '2025-12-11 20:44:06.266015', '2025-12-11 20:44:06.266015'),
    ('91a53ddd-bf2c-4579-8e37-60084dd56393', '4e8c1518-3675-462c-a338-493dcc7054fd', 'https://img01.ztat.net/article/spp-media-p1/e4ff9126c14844248ed886d968298c61/ac6d009ad2a7484b8173b2e62603a9bf.jpg?imwidth=1800', FALSE, '2', '2025-12-11 20:44:06.266015', '2025-12-11 20:44:06.266015'),
    ('9c4bb267-91d1-4b32-9abc-6670d3c87cff', '4e8c1518-3675-462c-a338-493dcc7054fd', 'https://img01.ztat.net/article/spp-media-p1/b9ba234c625947c7a044612c887155b3/d15cd33de1914600b1019db85e09294d.jpg?imwidth=1800', FALSE, '3', '2025-12-11 20:44:06.266015', '2025-12-11 20:44:06.266015'),
    ('a1d67c60-44e1-4732-bf22-21cb19e74f51', '34dd9449-eeea-4176-826f-4d3a099f59f3', 'https://img01.ztat.net/article/spp-media-p1/433f1541d31a4ec18c689a1b9a8e3dd7/e429555182eb496b91c871e10a90e4e5.jpg?imwidth=1800', FALSE, '1', '2025-12-11 20:44:06.266015', '2025-12-11 20:44:06.266015'),
    ('3ed4e120-b2cd-4ddd-911a-e06752ac52ad', '34dd9449-eeea-4176-826f-4d3a099f59f3', 'https://img01.ztat.net/article/spp-media-p1/651da61480304d47b9cd09e738ce8e91/76eeafbea80d4606a62e45c555b6f93f.jpg?imwidth=1800', FALSE, '2', '2025-12-11 20:44:06.266015', '2025-12-11 20:44:06.266015'),
    ('6e128c3c-d624-4888-bc5b-47bf855daa96', '34dd9449-eeea-4176-826f-4d3a099f59f3', 'https://img01.ztat.net/article/spp-media-p1/d9eef76ffc894555b053394aba36814a/ce16fe3c10d14bf0990ae1af2232bce8.jpg?imwidth=1800', FALSE, '3', '2025-12-11 20:44:06.266015', '2025-12-11 20:44:06.266015'),
    ('a1c53b7b-153f-4cf5-b25f-4dab9598e88a', 'f6420676-2bc7-46a5-b5ad-3aeadb179de1', 'https://img01.ztat.net/article/spp-media-p1/433f1541d31a4ec18c689a1b9a8e3dd7/e429555182eb496b91c871e10a90e4e5.jpg?imwidth=1800', FALSE, '1', '2025-12-11 20:44:06.266015', '2025-12-11 20:44:06.266015'),
    ('1f22b72a-05ac-4b9a-aaf8-5537dd617691', 'f6420676-2bc7-46a5-b5ad-3aeadb179de1', 'https://img01.ztat.net/article/spp-media-p1/651da61480304d47b9cd09e738ce8e91/76eeafbea80d4606a62e45c555b6f93f.jpg?imwidth=1800', FALSE, '2', '2025-12-11 20:44:06.266015', '2025-12-11 20:44:06.266015'),
    ('1b79786e-c736-4893-9a7c-b525471fed28', 'f6420676-2bc7-46a5-b5ad-3aeadb179de1', 'https://img01.ztat.net/article/spp-media-p1/d9eef76ffc894555b053394aba36814a/ce16fe3c10d14bf0990ae1af2232bce8.jpg?imwidth=1800', FALSE, '3', '2025-12-11 20:44:06.266015', '2025-12-11 20:44:06.266015'),
    ('babef5ea-372c-40ed-8435-24bb5c4c8afa', '28a547c9-9ca7-4af3-aa8e-448012bafdc1', 'https://img01.ztat.net/article/spp-media-p1/433f1541d31a4ec18c689a1b9a8e3dd7/e429555182eb496b91c871e10a90e4e5.jpg?imwidth=1800', FALSE, '1', '2025-12-11 20:44:06.266015', '2025-12-11 20:44:06.266015'),
    ('93f7f7ff-ebc6-419c-ab88-857083205ed8', '28a547c9-9ca7-4af3-aa8e-448012bafdc1', 'https://img01.ztat.net/article/spp-media-p1/651da61480304d47b9cd09e738ce8e91/76eeafbea80d4606a62e45c555b6f93f.jpg?imwidth=1800', FALSE, '2', '2025-12-11 20:44:06.266015', '2025-12-11 20:44:06.266015'),
    ('061f1ffd-3e02-4d65-880d-f35ca50dfc33', '28a547c9-9ca7-4af3-aa8e-448012bafdc1', 'https://img01.ztat.net/article/spp-media-p1/d9eef76ffc894555b053394aba36814a/ce16fe3c10d14bf0990ae1af2232bce8.jpg?imwidth=1800', FALSE, '3', '2025-12-11 20:44:06.266015', '2025-12-11 20:44:06.266015'),
    ('b72f993a-7ef3-489e-8ef9-3984f7b0fcab', '322a6669-9446-4086-9090-f94ff586c47f', 'https://img01.ztat.net/article/spp-media-p1/8d69e8e30c2b4160a1cfbae97270c9c6/2fca69ad61de44b099f0a0c4d0efcc5b.jpg?imwidth=1800', FALSE, '1', '2025-12-11 20:44:06.266015', '2025-12-11 20:44:06.266015'),
    ('223683ec-886b-4af4-b368-c95ddb5e670a', '322a6669-9446-4086-9090-f94ff586c47f', 'https://img01.ztat.net/article/spp-media-p1/e52b51660ffd4191a17c7cd094a75415/80ba3f6170fe4fcc88e6763cf08a4a19.jpg?imwidth=1800', FALSE, '2', '2025-12-11 20:44:06.266015', '2025-12-11 20:44:06.266015'),
    ('db57df4b-12e2-454b-9258-ee83d5671022', '322a6669-9446-4086-9090-f94ff586c47f', 'https://img01.ztat.net/article/spp-media-p1/e37bdc5592314e7886970ffbf3f8be02/a611119923df42cdb62144dd5bacfa52.jpg?imwidth=1800', FALSE, '3', '2025-12-11 20:44:06.266015', '2025-12-11 20:44:06.266015'),
    ('d15ff60a-38ca-4b6a-8bce-c8e2108a76b9', '65569ef6-4b5a-45a8-bda2-db85f67bbcd7', 'https://img01.ztat.net/article/spp-media-p1/8d69e8e30c2b4160a1cfbae97270c9c6/2fca69ad61de44b099f0a0c4d0efcc5b.jpg?imwidth=1800', FALSE, '1', '2025-12-11 20:44:06.266015', '2025-12-11 20:44:06.266015'),
    ('5aa5c55d-2811-4304-a538-355ce83b4be2', '65569ef6-4b5a-45a8-bda2-db85f67bbcd7', 'https://img01.ztat.net/article/spp-media-p1/e52b51660ffd4191a17c7cd094a75415/80ba3f6170fe4fcc88e6763cf08a4a19.jpg?imwidth=1800', FALSE, '2', '2025-12-11 20:44:06.266015', '2025-12-11 20:44:06.266015'),
    ('6743df12-e838-4e7e-838a-f39be5c72def', '65569ef6-4b5a-45a8-bda2-db85f67bbcd7', 'https://img01.ztat.net/article/spp-media-p1/e37bdc5592314e7886970ffbf3f8be02/a611119923df42cdb62144dd5bacfa52.jpg?imwidth=1800', FALSE, '3', '2025-12-11 20:44:06.266015', '2025-12-11 20:44:06.266015'),
    ('badd7866-8132-4e60-85a2-3dbabc7c487c', '989818f8-158f-430f-b477-1001f91bfd5d', 'https://img01.ztat.net/article/spp-media-p1/8d69e8e30c2b4160a1cfbae97270c9c6/2fca69ad61de44b099f0a0c4d0efcc5b.jpg?imwidth=1800', FALSE, '1', '2025-12-11 20:44:06.266015', '2025-12-11 20:44:06.266015'),
    ('9d13c007-a862-4b72-af2f-034c56ea11c0', '989818f8-158f-430f-b477-1001f91bfd5d', 'https://img01.ztat.net/article/spp-media-p1/e52b51660ffd4191a17c7cd094a75415/80ba3f6170fe4fcc88e6763cf08a4a19.jpg?imwidth=1800', FALSE, '2', '2025-12-11 20:44:06.266015', '2025-12-11 20:44:06.267014'),
    ('31d076b7-a99b-47b2-858e-84f216d43f2e', '989818f8-158f-430f-b477-1001f91bfd5d', 'https://img01.ztat.net/article/spp-media-p1/e37bdc5592314e7886970ffbf3f8be02/a611119923df42cdb62144dd5bacfa52.jpg?imwidth=1800', FALSE, '3', '2025-12-11 20:44:06.267014', '2025-12-11 20:44:06.267014'),
    ('0912f8e6-351e-4781-9fff-3110fa035925', '9fe5317e-b3b4-4ed3-a848-25dc36ab6ceb', 'https://img01.ztat.net/article/spp-media-p1/40dc3b00536042a085323bf344bffd77/c696e755b49e4f1bb468da1850266f80.jpg?imwidth=1800', FALSE, '1', '2025-12-11 20:44:06.267014', '2025-12-11 20:44:06.267014'),
    ('29dc4160-c7f5-4c26-b575-87f24bfe6fc9', '9fe5317e-b3b4-4ed3-a848-25dc36ab6ceb', 'https://img01.ztat.net/article/spp-media-p1/ff1bceeff6c24cce84a1ef2bbd84558f/d5f7ade366284fa38df75e299f068e1c.jpg?imwidth=1800', FALSE, '2', '2025-12-11 20:44:06.267014', '2025-12-11 20:44:06.267014'),
    ('61800ec8-9b89-4978-baaa-b2e0264e8cae', '9fe5317e-b3b4-4ed3-a848-25dc36ab6ceb', 'https://img01.ztat.net/article/spp-media-p1/179a2efc09ba459bb8c14dee851d69a9/04f2ceb1d3a74ada829c3e32c34e911a.jpg?imwidth=1800', FALSE, '3', '2025-12-11 20:44:06.267014', '2025-12-11 20:44:06.267014'),
    ('e98e8432-687c-4b87-914a-587c46b6c302', 'ad75a08f-ec3e-4243-830a-1e3568a8579b', 'https://img01.ztat.net/article/spp-media-p1/40dc3b00536042a085323bf344bffd77/c696e755b49e4f1bb468da1850266f80.jpg?imwidth=1800', FALSE, '1', '2025-12-11 20:44:06.267014', '2025-12-11 20:44:06.267014'),
    ('72310245-7785-4547-a42e-6cfe6b644ffe', 'ad75a08f-ec3e-4243-830a-1e3568a8579b', 'https://img01.ztat.net/article/spp-media-p1/ff1bceeff6c24cce84a1ef2bbd84558f/d5f7ade366284fa38df75e299f068e1c.jpg?imwidth=1800', FALSE, '2', '2025-12-11 20:44:06.267014', '2025-12-11 20:44:06.267014'),
    ('8da7ee12-f0be-4bbf-a339-18d68de1962b', 'ad75a08f-ec3e-4243-830a-1e3568a8579b', 'https://img01.ztat.net/article/spp-media-p1/179a2efc09ba459bb8c14dee851d69a9/04f2ceb1d3a74ada829c3e32c34e911a.jpg?imwidth=1800', FALSE, '3', '2025-12-11 20:44:06.267014', '2025-12-11 20:44:06.267014'),
    ('b3212f18-26f6-4450-af66-90bb9d76fdba', '8de28d7d-2a9d-47cc-b833-fa3aad3efed6', 'https://img01.ztat.net/article/spp-media-p1/40dc3b00536042a085323bf344bffd77/c696e755b49e4f1bb468da1850266f80.jpg?imwidth=1800', FALSE, '1', '2025-12-11 20:44:06.267014', '2025-12-11 20:44:06.267014'),
    ('18892b11-f251-4c38-8d44-71f86f0484d6', '8de28d7d-2a9d-47cc-b833-fa3aad3efed6', 'https://img01.ztat.net/article/spp-media-p1/ff1bceeff6c24cce84a1ef2bbd84558f/d5f7ade366284fa38df75e299f068e1c.jpg?imwidth=1800', FALSE, '2', '2025-12-11 20:44:06.267014', '2025-12-11 20:44:06.267014'),
    ('77502688-7d7b-48d7-8bc9-17c11e17abae', '8de28d7d-2a9d-47cc-b833-fa3aad3efed6', 'https://img01.ztat.net/article/spp-media-p1/179a2efc09ba459bb8c14dee851d69a9/04f2ceb1d3a74ada829c3e32c34e911a.jpg?imwidth=1800', FALSE, '3', '2025-12-11 20:44:06.267014', '2025-12-11 20:44:06.267014'),
    ('07d35e3d-1622-4b0f-a5e8-49cff86a7f94', 'a236eab0-590f-49b5-a7e7-407df08278ff', 'https://img01.ztat.net/article/spp-media-p1/f03db5e0c1ae44a39d45ceb21e74a4d7/2028fb03729b4a21913394a5e4258b75.jpg?imwidth=1800', FALSE, '1', '2025-12-11 20:44:06.267014', '2025-12-11 20:44:06.267014'),
    ('6217117c-c740-44cd-bd30-ef37cb24b818', 'a236eab0-590f-49b5-a7e7-407df08278ff', 'https://img01.ztat.net/article/spp-media-p1/e9a3c5d928e4497cb92812bc2e07052a/204b3a08624941ee8ce91ef8b551e3b3.jpg?imwidth=1800', FALSE, '2', '2025-12-11 20:44:06.267014', '2025-12-11 20:44:06.267014'),
    ('1bea81c1-9e2b-454b-b3e1-17204ff5b994', 'a236eab0-590f-49b5-a7e7-407df08278ff', 'https://img01.ztat.net/article/spp-media-p1/40dc24fa4f014d06a91ebfb57843a2ab/4f765203e6054e188db98db9c7ed19d4.jpg?imwidth=1800', FALSE, '3', '2025-12-11 20:44:06.267014', '2025-12-11 20:44:06.267014'),
    ('5f6263f4-2865-4a63-9161-2a75563e1b66', 'adffe5ce-5f2a-4624-95d0-e4a7de75be8f', 'https://img01.ztat.net/article/spp-media-p1/f03db5e0c1ae44a39d45ceb21e74a4d7/2028fb03729b4a21913394a5e4258b75.jpg?imwidth=1800', FALSE, '1', '2025-12-11 20:44:06.267014', '2025-12-11 20:44:06.267014'),
    ('1a91402c-a780-4a5e-a362-5cc95ffae0c4', 'adffe5ce-5f2a-4624-95d0-e4a7de75be8f', 'https://img01.ztat.net/article/spp-media-p1/e9a3c5d928e4497cb92812bc2e07052a/204b3a08624941ee8ce91ef8b551e3b3.jpg?imwidth=1800', FALSE, '2', '2025-12-11 20:44:06.267014', '2025-12-11 20:44:06.267014'),
    ('596472fd-bceb-46bf-bb5c-7135f931c80d', 'adffe5ce-5f2a-4624-95d0-e4a7de75be8f', 'https://img01.ztat.net/article/spp-media-p1/40dc24fa4f014d06a91ebfb57843a2ab/4f765203e6054e188db98db9c7ed19d4.jpg?imwidth=1800', FALSE, '3', '2025-12-11 20:44:06.267014', '2025-12-11 20:44:06.267014'),
    ('78dc4bb5-fc77-465b-a314-9a8ee5bdc2a6', 'a39f9ec0-fa20-4c98-9d03-21a72cb899fc', 'https://img01.ztat.net/article/spp-media-p1/f03db5e0c1ae44a39d45ceb21e74a4d7/2028fb03729b4a21913394a5e4258b75.jpg?imwidth=1800', FALSE, '1', '2025-12-11 20:44:06.267014', '2025-12-11 20:44:06.267014'),
    ('5bed35d1-c407-4068-a1a4-f953e413a422', 'a39f9ec0-fa20-4c98-9d03-21a72cb899fc', 'https://img01.ztat.net/article/spp-media-p1/e9a3c5d928e4497cb92812bc2e07052a/204b3a08624941ee8ce91ef8b551e3b3.jpg?imwidth=1800', FALSE, '2', '2025-12-11 20:44:06.267014', '2025-12-11 20:44:06.267014'),
    ('5daf8252-bdb4-4dcf-91d4-4b2ca6360e2b', 'a39f9ec0-fa20-4c98-9d03-21a72cb899fc', 'https://img01.ztat.net/article/spp-media-p1/40dc24fa4f014d06a91ebfb57843a2ab/4f765203e6054e188db98db9c7ed19d4.jpg?imwidth=1800', FALSE, '3', '2025-12-11 20:44:06.267014', '2025-12-11 20:44:06.267014'),
    ('51c3032e-6d40-4186-b885-d18527c13f36', '0334e916-c2d3-48a8-9789-e0576751f517', 'https://img01.ztat.net/article/spp-media-p1/eee9465b4fd747e0b03d2c0520e2918b/0ef1480409764c0085d0f13de68976fd.jpg?imwidth=1800', FALSE, '1', '2025-12-11 20:44:06.267014', '2025-12-11 20:44:06.267014'),
    ('44ead0e3-55ed-41df-94f4-21b38d0c2b9b', '0334e916-c2d3-48a8-9789-e0576751f517', 'https://img01.ztat.net/article/spp-media-p1/8c60e6ba81644d228135428e421e7c5f/4b53e047209d4076a1346373bbccd925.jpg?imwidth=1800', FALSE, '2', '2025-12-11 20:44:06.267014', '2025-12-11 20:44:06.267014'),
    ('9b69e6da-5f9c-4d54-a93a-be472bb4776a', '0334e916-c2d3-48a8-9789-e0576751f517', 'https://img01.ztat.net/article/spp-media-p1/e3d46ff273a34a19a49e6443115b8140/91b9d8a903784ca5a703cb22801b1fe9.jpg?imwidth=1800', FALSE, '3', '2025-12-11 20:44:06.267014', '2025-12-11 20:44:06.267014'),
    ('83175944-0ac0-4474-bb9b-ed90abca747f', '4931c320-c68f-47f0-857f-83438a7d36d3', 'https://img01.ztat.net/article/spp-media-p1/eee9465b4fd747e0b03d2c0520e2918b/0ef1480409764c0085d0f13de68976fd.jpg?imwidth=1800', FALSE, '1', '2025-12-11 20:44:06.267014', '2025-12-11 20:44:06.267014'),
    ('e96359bf-64ef-45d6-bb24-9166f97f29fd', '4931c320-c68f-47f0-857f-83438a7d36d3', 'https://img01.ztat.net/article/spp-media-p1/8c60e6ba81644d228135428e421e7c5f/4b53e047209d4076a1346373bbccd925.jpg?imwidth=1800', FALSE, '2', '2025-12-11 20:44:06.267014', '2025-12-11 20:44:06.267014'),
    ('d2eb04ea-ba98-4c9d-a248-80f72319bd07', '4931c320-c68f-47f0-857f-83438a7d36d3', 'https://img01.ztat.net/article/spp-media-p1/e3d46ff273a34a19a49e6443115b8140/91b9d8a903784ca5a703cb22801b1fe9.jpg?imwidth=1800', FALSE, '3', '2025-12-11 20:44:06.267014', '2025-12-11 20:44:06.267014'),
    ('a7abdb5c-4ce4-48c9-895b-1746bf11b248', '3655d5cc-f502-4f6c-8638-f8912d1354e2', 'https://img01.ztat.net/article/spp-media-p1/eee9465b4fd747e0b03d2c0520e2918b/0ef1480409764c0085d0f13de68976fd.jpg?imwidth=1800', FALSE, '1', '2025-12-11 20:44:06.267014', '2025-12-11 20:44:06.267014'),
    ('ce6db2dc-1f78-4de5-ad3e-8ec656e182b8', '3655d5cc-f502-4f6c-8638-f8912d1354e2', 'https://img01.ztat.net/article/spp-media-p1/8c60e6ba81644d228135428e421e7c5f/4b53e047209d4076a1346373bbccd925.jpg?imwidth=1800', FALSE, '2', '2025-12-11 20:44:06.267014', '2025-12-11 20:44:06.267014'),
    ('60ab2d20-0d6d-450a-9a81-ef8aded5d4e0', '3655d5cc-f502-4f6c-8638-f8912d1354e2', 'https://img01.ztat.net/article/spp-media-p1/e3d46ff273a34a19a49e6443115b8140/91b9d8a903784ca5a703cb22801b1fe9.jpg?imwidth=1800', FALSE, '3', '2025-12-11 20:44:06.267014', '2025-12-11 20:44:06.267014');

INSERT INTO properties(id, category_id, name, unit, data_type, has_default_options, role)
VALUES
    ('5b85bc55-1cf6-4647-94b2-f2f75645a31a', '2193e2af-3c16-42ad-83e5-8582b9a1f46b', 'Memory (RAM)', NULL, 'NUMBER', 'TRUE', 'INFO'),
    ('8652455c-4fbe-4a30-985b-ea923d8309bc', '2193e2af-3c16-42ad-83e5-8582b9a1f46b', 'Device storage', NULL, 'NUMBER', 'TRUE', 'INFO'),
    ('fe87add9-93ad-4769-9606-76a927d8ab3f', '2193e2af-3c16-42ad-83e5-8582b9a1f46b', 'Screen size range', NULL, 'TEXT', 'FALSE', 'INFO'),
    ('a17c22f6-c112-4b58-8d2e-b2bced7861e7', 'bdbe39e6-7ac1-4077-bd9e-af0ea341e834', 'Size', NULL, 'TEXT', 'TRUE', 'SELECTABLE'),
    ('05054d87-90b3-4ae8-a724-cd4da97d5aee', 'bdbe39e6-7ac1-4077-bd9e-af0ea341e834', 'Color', NULL, 'TEXT', 'TRUE', 'SELECTABLE'),
    ('e4028d53-ac00-4389-a2d5-417e943a4f58', '82ba420f-b4e4-482a-bf59-5c81a2439e9c', 'Brand', NULL, 'TEXT', 'TRUE', 'REQUIRED'),
    ('7fb4389e-3608-4c86-8b67-015c2d001795', '82ba420f-b4e4-482a-bf59-5c81a2439e9c', 'Model', NULL, 'TEXT', 'FALSE', 'REQUIRED'),
    ('8cc58614-9fda-49a6-9ccf-88469ef5c193', '82ba420f-b4e4-482a-bf59-5c81a2439e9c', 'Dominant Color', NULL, 'TEXT', 'TRUE', 'REQUIRED'),
    ('79661585-65e3-48ce-bca9-efffc0eaddaf', '82ba420f-b4e4-482a-bf59-5c81a2439e9c', 'Drum Capacity', 'kg', 'TEXT', 'TRUE', 'REQUIRED'),
    ('1a0623c1-93a2-4eb7-bbba-d431f29b91b0', '82ba420f-b4e4-482a-bf59-5c81a2439e9c', 'Condition', NULL, 'TEXT', 'TRUE', 'INFO'),
    ('cdc9b065-9f81-4c6e-81e7-8c15da5fe0c5', '82ba420f-b4e4-482a-bf59-5c81a2439e9c', 'Dimensions', 'W x D x H', 'TEXT', 'FALSE', 'INFO'),
    ('b2cb3825-badf-44f4-aa71-70cc9efe3b61', '82ba420f-b4e4-482a-bf59-5c81a2439e9c', 'Maximum Spin Speed', 'rpm', 'TEXT', 'FALSE', 'INFO'),
    ('da961db9-9ec9-4c0d-b21e-744cdbe9f2ab', '82ba420f-b4e4-482a-bf59-5c81a2439e9c', 'Noise Level During Spinning', 'dB', 'TEXT', 'FALSE', 'INFO'),
    ('e7ce45ef-4ed4-441d-8847-3735c76d7817', '1bc39904-6c95-4cd7-8588-ef5b29510101', 'Clothing brand', NULL, 'TEXT', 'FALSE', 'REQUIRED'),
    ('30cc4a35-192e-440e-99f0-b0f9b9a4fd16', '1bc39904-6c95-4cd7-8588-ef5b29510101', 'Condition', NULL, 'TEXT', 'TRUE', 'REQUIRED'),
    ('33fb6055-f9c1-4854-816f-287d02f04671', '1bc39904-6c95-4cd7-8588-ef5b29510101', 'Main material', NULL, 'TEXT', 'FALSE', 'REQUIRED');

INSERT INTO default_property_options(id, property_id, value_text, value_decimal, value_boolean, value_date, display_text)
VALUES
    ('70f46ad9-c261-4fad-8d59-b5f4e94f67d4', 'a17c22f6-c112-4b58-8d2e-b2bced7861e7', NULL, NULL, NULL, NULL, 'M'),
    ('944e9c87-a1d8-479e-bc48-038786eb05a4', 'a17c22f6-c112-4b58-8d2e-b2bced7861e7', NULL, NULL, NULL, NULL, 'L'),
    ('aab51a9b-8f2f-4287-80a5-fb17f58f242f', 'a17c22f6-c112-4b58-8d2e-b2bced7861e7', NULL, NULL, NULL, NULL, 'XL'),
    ('c3dee493-ae5a-465c-9112-cf06f5e57c86', '05054d87-90b3-4ae8-a724-cd4da97d5aee', NULL, NULL, NULL, NULL, 'Red'),
    ('54367c7f-2682-4bd7-a4ec-38c76b271376', '05054d87-90b3-4ae8-a724-cd4da97d5aee', NULL, NULL, NULL, NULL, 'Black'),
    ('a4fb35f4-e2d0-4506-9a50-1801b47fabd9', '05054d87-90b3-4ae8-a724-cd4da97d5aee', NULL, NULL, NULL, NULL, 'Blue'),
    ('430e01d7-ce4f-4d1d-95d6-e75347fca0d6', 'e4028d53-ac00-4389-a2d5-417e943a4f58', NULL, NULL, NULL, NULL, 'Bosch'),
    ('8149dd3c-4d1f-4581-911d-de618ce6baa5', 'e4028d53-ac00-4389-a2d5-417e943a4f58', NULL, NULL, NULL, NULL, 'Siemens'),
    ('75b5d0de-2add-44a4-9ed5-1967662e51ac', 'e4028d53-ac00-4389-a2d5-417e943a4f58', NULL, NULL, NULL, NULL, 'Whirlpool'),
    ('04b95b54-d57d-49a5-b147-33fd81d482ac', 'e4028d53-ac00-4389-a2d5-417e943a4f58', NULL, NULL, NULL, NULL, 'Amica'),
    ('1832994c-31c9-442c-bac1-50529ad4f8ee', 'e4028d53-ac00-4389-a2d5-417e943a4f58', NULL, NULL, NULL, NULL, 'Electrolux'),
    ('3cea781d-35e7-417e-af28-da915481c6a7', '8cc58614-9fda-49a6-9ccf-88469ef5c193', NULL, NULL, NULL, NULL, 'White'),
    ('509495ef-22aa-4210-8388-502503af8833', '8cc58614-9fda-49a6-9ccf-88469ef5c193', NULL, NULL, NULL, NULL, 'Silver'),
    ('ad1c915f-460e-40b8-883f-2fd247a840b6', '8cc58614-9fda-49a6-9ccf-88469ef5c193', NULL, NULL, NULL, NULL, 'Black'),
    ('87057384-5b76-450a-8808-df05e2c5af7a', '79661585-65e3-48ce-bca9-efffc0eaddaf', NULL, NULL, NULL, NULL, '6'),
    ('a1522f25-2742-4916-9c88-e3cd555e5c77', '79661585-65e3-48ce-bca9-efffc0eaddaf', NULL, NULL, NULL, NULL, '7'),
    ('ae0c6792-454b-49b4-80df-f718edc63f95', '79661585-65e3-48ce-bca9-efffc0eaddaf', NULL, NULL, NULL, NULL, '8'),
    ('9669e5e5-afb3-4aa8-bcef-bac8966f17fa', '79661585-65e3-48ce-bca9-efffc0eaddaf', NULL, NULL, NULL, NULL, '9'),
    ('3d7a035f-0d0b-46b3-9b13-2ddc9c8ce53f', '79661585-65e3-48ce-bca9-efffc0eaddaf', NULL, NULL, NULL, NULL, '10'),
    ('5fd1f1a1-ef4c-4967-b6eb-e72b8cd92ed4', '79661585-65e3-48ce-bca9-efffc0eaddaf', NULL, NULL, NULL, NULL, '11'),
    ('2b86c90c-3ae0-4b33-90e2-487260e0233d', '1a0623c1-93a2-4eb7-bbba-d431f29b91b0', NULL, NULL, NULL, NULL, 'New'),
    ('8f946ba4-f917-422d-b2c6-20ff0cdee50b', '1a0623c1-93a2-4eb7-bbba-d431f29b91b0', NULL, NULL, NULL, NULL, 'Used'),
    ('def3fad2-261a-44ed-bfe0-8ae0a5d5df16', '30cc4a35-192e-440e-99f0-b0f9b9a4fd16', NULL, NULL, NULL, NULL, 'New'),
    ('fef4f428-1d8b-4bae-a864-30a5fb26f48a', '30cc4a35-192e-440e-99f0-b0f9b9a4fd16', NULL, NULL, NULL, NULL, 'Used');

INSERT INTO variant_properties(id, variant_id, property_id, value_text, value_decimal, value_boolean, value_date, display_text)
VALUES
    ('d40bd6ab-422a-4989-a915-e5bdcb54c329', '2677035e-4efb-4e68-8d3f-df6e95a84915', 'e4028d53-ac00-4389-a2d5-417e943a4f58', 'Bosch', NULL, NULL, NULL, 'Bosch'),
    ('0d81fbb8-60ab-4301-adea-6a8932cf2ca0', '2677035e-4efb-4e68-8d3f-df6e95a84915', '7fb4389e-3608-4c86-8b67-015c2d001795', 'WAN2415GPL', NULL, NULL, NULL, 'WAN2415GPL'),
    ('6d2a655a-2db0-4322-b2bf-5f18ab30a81d', '2677035e-4efb-4e68-8d3f-df6e95a84915', '8cc58614-9fda-49a6-9ccf-88469ef5c193', 'White', NULL, NULL, NULL, 'White'),
    ('5e579356-a5c9-464d-b2ca-5516ae7353b2', '2677035e-4efb-4e68-8d3f-df6e95a84915', '79661585-65e3-48ce-bca9-efffc0eaddaf', '8', NULL, NULL, NULL, '8'),
    ('9f2be0ae-c340-494e-91fb-bad31dc92c2f', '2677035e-4efb-4e68-8d3f-df6e95a84915', '1a0623c1-93a2-4eb7-bbba-d431f29b91b0', 'New', NULL, NULL, NULL, 'New'),
    ('bbc9fda7-0af0-428f-9a82-b7510921fdaa', '2677035e-4efb-4e68-8d3f-df6e95a84915', 'cdc9b065-9f81-4c6e-81e7-8c15da5fe0c5', '60 x 59 x 85', NULL, NULL, NULL, '60 x 59 x 85'),
    ('07d55cd0-906e-4561-a54d-703b0639c2f6', '2677035e-4efb-4e68-8d3f-df6e95a84915', 'b2cb3825-badf-44f4-aa71-70cc9efe3b61', '1200', NULL, NULL, NULL, '1200'),
    ('016b43f9-cb8f-4163-b4f7-f251382e5db7', '2677035e-4efb-4e68-8d3f-df6e95a84915', 'da961db9-9ec9-4c0d-b21e-744cdbe9f2ab', '71', NULL, NULL, NULL, '71'),
    ('929b6ab6-358b-4367-bed9-60ef9f153b2f', '4e865dc0-c7fb-452a-9241-ead8320ca671', 'e4028d53-ac00-4389-a2d5-417e943a4f58', 'Bosch', NULL, NULL, NULL, 'Bosch'),
    ('1262dbd7-e546-4f60-9ab8-e9e48808673c', '4e865dc0-c7fb-452a-9241-ead8320ca671', '7fb4389e-3608-4c86-8b67-015c2d001795', 'WGG154ZSPL', NULL, NULL, NULL, 'WGG154ZSPL'),
    ('50e9df96-262c-4823-a5dc-adc709cb2529', '4e865dc0-c7fb-452a-9241-ead8320ca671', '8cc58614-9fda-49a6-9ccf-88469ef5c193', 'White', NULL, NULL, NULL, 'White'),
    ('ad9457cf-f321-41b6-ae36-9fdfb45bd88c', '4e865dc0-c7fb-452a-9241-ead8320ca671', '79661585-65e3-48ce-bca9-efffc0eaddaf', '9', NULL, NULL, NULL, '9'),
    ('e979d6ba-8126-4eaf-a87f-4d9ea3f1e02e', '4e865dc0-c7fb-452a-9241-ead8320ca671', '1a0623c1-93a2-4eb7-bbba-d431f29b91b0', 'New', NULL, NULL, NULL, 'New'),
    ('f1becfc3-4e04-4d09-b9f8-8918918d2b11', '4e865dc0-c7fb-452a-9241-ead8320ca671', 'cdc9b065-9f81-4c6e-81e7-8c15da5fe0c5', '59.8 x 58.8 x 84.5', NULL, NULL, NULL, '59.8 x 58.8 x 84.5'),
    ('9f0714c9-364f-4e9b-9e17-59e553671c3d', '4e865dc0-c7fb-452a-9241-ead8320ca671', 'b2cb3825-badf-44f4-aa71-70cc9efe3b61', '1400', NULL, NULL, NULL, '1400'),
    ('dec1642f-2ace-41f4-a79d-0f5fed08ee03', '4e865dc0-c7fb-452a-9241-ead8320ca671', 'da961db9-9ec9-4c0d-b21e-744cdbe9f2ab', '71', NULL, NULL, NULL, '71'),
    ('be0b370c-a4ed-4153-878a-3f23b516cdd9', '4e865dc0-c7fb-452a-9241-ead8320ca671', 'da961db9-9ec9-4c0d-b21e-744cdbe9f2ab', '71', NULL, NULL, NULL, '71'),
    ('176d58a9-5ad1-4c79-a110-af90a560ed10', 'b5b3bb97-1c11-4099-81e2-b89d4d6ea7b2', 'e4028d53-ac00-4389-a2d5-417e943a4f58', 'Bosch', NULL, NULL, NULL, 'Bosch'),
    ('564c8fee-e2c2-46f9-ab20-691e8890e2fb', 'b5b3bb97-1c11-4099-81e2-b89d4d6ea7b2', '7fb4389e-3608-4c86-8b67-015c2d001795', 'WGB2440EPL', NULL, NULL, NULL, 'WGB2440EPL'),
    ('6bd93c31-5d93-4af4-812b-ea5bd2cbefed', 'b5b3bb97-1c11-4099-81e2-b89d4d6ea7b2', '8cc58614-9fda-49a6-9ccf-88469ef5c193', 'White', NULL, NULL, NULL, 'White'),
    ('5f492d86-79f4-40b8-ad03-ffaa15609dcb', 'b5b3bb97-1c11-4099-81e2-b89d4d6ea7b2', '79661585-65e3-48ce-bca9-efffc0eaddaf', '10', NULL, NULL, NULL, '10'),
    ('ad27195d-aca9-4c13-a97d-e27cac112594', 'b5b3bb97-1c11-4099-81e2-b89d4d6ea7b2', '1a0623c1-93a2-4eb7-bbba-d431f29b91b0', 'New', NULL, NULL, NULL, 'New'),
    ('d17bd122-75e6-4e5e-a3f8-726c6825fd48', 'b5b3bb97-1c11-4099-81e2-b89d4d6ea7b2', 'cdc9b065-9f81-4c6e-81e7-8c15da5fe0c5', '59.8 x 58.8 x 84.5', NULL, NULL, NULL, '59.8 x 58.8 x 84.5'),
    ('509a3c3b-9014-4e93-a6a0-cf517e3874ab', 'b5b3bb97-1c11-4099-81e2-b89d4d6ea7b2', 'b2cb3825-badf-44f4-aa71-70cc9efe3b61', '1400', NULL, NULL, NULL, '1400'),
    ('76b4d3fb-561a-4959-810b-043c0afc792b', 'b5b3bb97-1c11-4099-81e2-b89d4d6ea7b2', 'da961db9-9ec9-4c0d-b21e-744cdbe9f2ab', '71', NULL, NULL, NULL, '71'),
    ('543f502d-e564-4b00-aa25-df4dc0f94f7a', 'c3436eab-2aaa-4e9c-a1c0-24b7ac08803a', 'e4028d53-ac00-4389-a2d5-417e943a4f58', 'Whirlpool', NULL, NULL, NULL, 'Whirlpool'),
    ('34bd26d8-5470-4149-84ce-155218683ad0', 'c3436eab-2aaa-4e9c-a1c0-24b7ac08803a', '7fb4389e-3608-4c86-8b67-015c2d001795', 'AWG 1114SD/PRO', NULL, NULL, NULL, 'AWG 1114SD/PRO'),
    ('cea59674-96c2-4817-b507-95d28569c9b2', 'c3436eab-2aaa-4e9c-a1c0-24b7ac08803a', '8cc58614-9fda-49a6-9ccf-88469ef5c193', 'Silver', NULL, NULL, NULL, 'Silver'),
    ('335fea53-1cfd-4446-aa09-36c63b002c50', 'c3436eab-2aaa-4e9c-a1c0-24b7ac08803a', '79661585-65e3-48ce-bca9-efffc0eaddaf', '11', NULL, NULL, NULL, '11'),
    ('0305bcde-6fbf-48af-a876-58b951768503', 'c3436eab-2aaa-4e9c-a1c0-24b7ac08803a', '1a0623c1-93a2-4eb7-bbba-d431f29b91b0', 'New', NULL, NULL, NULL, 'New'),
    ('b2581c9f-cbb5-4d6e-8ef9-068fd0d973f2', 'c3436eab-2aaa-4e9c-a1c0-24b7ac08803a', 'cdc9b065-9f81-4c6e-81e7-8c15da5fe0c5', '59.5 x 60 x 85', NULL, NULL, NULL, '59.5 x 60 x 85'),
    ('79f2531f-792b-4aed-9cf8-46c6e4f72411', 'c3436eab-2aaa-4e9c-a1c0-24b7ac08803a', 'b2cb3825-badf-44f4-aa71-70cc9efe3b61', '1400', NULL, NULL, NULL, '1400'),
    ('4157a3d4-91c6-423f-a9ae-2422942c696c', 'c3436eab-2aaa-4e9c-a1c0-24b7ac08803a', 'da961db9-9ec9-4c0d-b21e-744cdbe9f2ab', '71', NULL, NULL, NULL, '71'),
    ('a5477493-7ce7-409f-9864-6331608bb056', 'fa63eb13-76c6-4119-9b7d-65bc2b8b9093', 'e4028d53-ac00-4389-a2d5-417e943a4f58', 'Whirlpool', NULL, NULL, NULL, 'Whirlpool'),
    ('bfc1e13f-e1a5-4316-b134-7ec355af177b', 'fa63eb13-76c6-4119-9b7d-65bc2b8b9093', '7fb4389e-3608-4c86-8b67-015c2d001795', 'FFB 9258 SV PL', NULL, NULL, NULL, 'FFB 9258 SV PL'),
    ('8c680bb1-5ca0-4839-ace2-3cca0cb48376', 'fa63eb13-76c6-4119-9b7d-65bc2b8b9093', '8cc58614-9fda-49a6-9ccf-88469ef5c193', 'White', NULL, NULL, NULL, 'White'),
    ('eb77a4b9-6553-4850-b492-920ddab66e3d', 'fa63eb13-76c6-4119-9b7d-65bc2b8b9093', '79661585-65e3-48ce-bca9-efffc0eaddaf', '9', NULL, NULL, NULL, '9'),
    ('dfb61911-c7fd-4152-bacb-191cdabec51e', 'fa63eb13-76c6-4119-9b7d-65bc2b8b9093', '1a0623c1-93a2-4eb7-bbba-d431f29b91b0', 'New', NULL, NULL, NULL, 'New'),
    ('380f70a8-8a27-48b2-a466-dade22ff4fb6', 'fa63eb13-76c6-4119-9b7d-65bc2b8b9093', 'cdc9b065-9f81-4c6e-81e7-8c15da5fe0c5', '59.8 x 58.8 x 84.5', NULL, NULL, NULL, '59.8 x 58.8 x 84.5'),
    ('34e6490c-5f23-40f6-9b28-838fc25d840b', 'fa63eb13-76c6-4119-9b7d-65bc2b8b9093', 'b2cb3825-badf-44f4-aa71-70cc9efe3b61', '1200', NULL, NULL, NULL, '1200'),
    ('a1ec1649-baa3-4779-992c-c261b74c302c', 'fa63eb13-76c6-4119-9b7d-65bc2b8b9093', 'da961db9-9ec9-4c0d-b21e-744cdbe9f2ab', '79', NULL, NULL, NULL, '79'),
    ('65fd9e38-9103-45cd-87ab-183992564efe', 'b9c4ed38-73f6-4238-9b03-97208a9c498f', 'a17c22f6-c112-4b58-8d2e-b2bced7861e7', 'M', NULL, NULL, NULL, 'M'),
    ('d44cdf2f-d793-4e6a-949e-14947821199d', 'b9c4ed38-73f6-4238-9b03-97208a9c498f', '05054d87-90b3-4ae8-a724-cd4da97d5aee', 'Red', NULL, NULL, NULL, 'Red'),
    ('1afc9e93-e643-4521-aed5-5242d7f14261', 'b9c4ed38-73f6-4238-9b03-97208a9c498f', 'e7ce45ef-4ed4-441d-8847-3735c76d7817', 'U.S. Polo Assn.', NULL, NULL, NULL, 'U.S. Polo Assn.'),
    ('7dabbc80-ce24-4a88-bd2e-236c78035a9f', 'b9c4ed38-73f6-4238-9b03-97208a9c498f', '30cc4a35-192e-440e-99f0-b0f9b9a4fd16', 'New', NULL, NULL, NULL, 'New'),
    ('b5fb0a6c-3c1b-435b-8462-98bdf0cc308e', 'b9c4ed38-73f6-4238-9b03-97208a9c498f', '33fb6055-f9c1-4854-816f-287d02f04671', 'Cotton', NULL, NULL, NULL, 'Cotton'),
    ('6304393c-c5c3-44d6-8633-edfde49c708e', '4e386538-772c-4267-8de9-291a25bf40e4', 'a17c22f6-c112-4b58-8d2e-b2bced7861e7', 'L', NULL, NULL, NULL, 'L'),
    ('3492e479-fbf0-48e6-8eb8-ed786841b8ec', '4e386538-772c-4267-8de9-291a25bf40e4', '05054d87-90b3-4ae8-a724-cd4da97d5aee', 'Red', NULL, NULL, NULL, 'Red'),
    ('4bd77e7c-39c6-4b88-9a96-b43131f619af', '4e386538-772c-4267-8de9-291a25bf40e4', 'e7ce45ef-4ed4-441d-8847-3735c76d7817', 'U.S. Polo Assn.', NULL, NULL, NULL, 'U.S. Polo Assn.'),
    ('1894ecec-47a1-461c-8967-9b62677f958c', '4e386538-772c-4267-8de9-291a25bf40e4', '30cc4a35-192e-440e-99f0-b0f9b9a4fd16', 'New', NULL, NULL, NULL, 'New'),
    ('712c13d6-0830-4746-b208-ad203814c8ca', '4e386538-772c-4267-8de9-291a25bf40e4', '33fb6055-f9c1-4854-816f-287d02f04671', 'Cotton', NULL, NULL, NULL, 'Cotton'),
    ('b33ce302-e0ca-4e0e-8fb9-2a21ba0562e9', '0e296e5e-b90f-4716-8a2b-d958f426f957', 'a17c22f6-c112-4b58-8d2e-b2bced7861e7', 'XL', NULL, NULL, NULL, 'XL'),
    ('ebc28614-36c3-43ac-8ca1-084e4cb66c09', '0e296e5e-b90f-4716-8a2b-d958f426f957', '05054d87-90b3-4ae8-a724-cd4da97d5aee', 'Red', NULL, NULL, NULL, 'Red'),
    ('4983298d-3a9c-4eec-9ab9-7d4b3304d8bc', '0e296e5e-b90f-4716-8a2b-d958f426f957', 'e7ce45ef-4ed4-441d-8847-3735c76d7817', 'U.S. Polo Assn.', NULL, NULL, NULL, 'U.S. Polo Assn.'),
    ('8f6e8511-d9f9-45e3-a999-c98c6112b4f2', '0e296e5e-b90f-4716-8a2b-d958f426f957', '30cc4a35-192e-440e-99f0-b0f9b9a4fd16', 'New', NULL, NULL, NULL, 'New'),
    ('cdf0770c-56e9-419c-b4d5-4b8181f0e882', '0e296e5e-b90f-4716-8a2b-d958f426f957', '33fb6055-f9c1-4854-816f-287d02f04671', 'Cotton', NULL, NULL, NULL, 'Cotton'),
    ('bc24b79f-b4d1-4623-983f-54b69d7b08bd', 'c7fcaf3d-04c5-4eed-be5a-c91afcdcfbde', 'a17c22f6-c112-4b58-8d2e-b2bced7861e7', 'M', NULL, NULL, NULL, 'M'),
    ('f2ebecfa-44e0-4383-8543-4c11f7d7fa05', 'c7fcaf3d-04c5-4eed-be5a-c91afcdcfbde', '05054d87-90b3-4ae8-a724-cd4da97d5aee', 'Black', NULL, NULL, NULL, 'Black'),
    ('2deed392-f371-4110-99df-ec61c5c73af3', 'c7fcaf3d-04c5-4eed-be5a-c91afcdcfbde', 'e7ce45ef-4ed4-441d-8847-3735c76d7817', 'U.S. Polo Assn.', NULL, NULL, NULL, 'U.S. Polo Assn.'),
    ('b6ca6881-8ab7-460b-90e1-bcfe460b7858', 'c7fcaf3d-04c5-4eed-be5a-c91afcdcfbde', '30cc4a35-192e-440e-99f0-b0f9b9a4fd16', 'New', NULL, NULL, NULL, 'New'),
    ('5f9fbd6b-7c53-4168-8b1f-0726cc69fcc7', 'c7fcaf3d-04c5-4eed-be5a-c91afcdcfbde', '33fb6055-f9c1-4854-816f-287d02f04671', 'Cotton', NULL, NULL, NULL, 'Cotton'),
    ('8733d3eb-a427-4d1b-ac42-c4be6d1165b6', 'c53a6ed7-5d8c-489f-b420-91cc1f0f2549', 'a17c22f6-c112-4b58-8d2e-b2bced7861e7', 'L', NULL, NULL, NULL, 'L'),
    ('318632f9-9569-4fdd-9917-0eb100dd3a7c', 'c53a6ed7-5d8c-489f-b420-91cc1f0f2549', '05054d87-90b3-4ae8-a724-cd4da97d5aee', 'Black', NULL, NULL, NULL, 'Black'),
    ('3c2a5485-be19-419d-b78f-389cd80fc18b', 'c53a6ed7-5d8c-489f-b420-91cc1f0f2549', 'e7ce45ef-4ed4-441d-8847-3735c76d7817', 'U.S. Polo Assn.', NULL, NULL, NULL, 'U.S. Polo Assn.'),
    ('2ed0fc01-789b-40d3-9162-cad787c8e151', 'c53a6ed7-5d8c-489f-b420-91cc1f0f2549', '30cc4a35-192e-440e-99f0-b0f9b9a4fd16', 'New', NULL, NULL, NULL, 'New'),
    ('6b46c9b9-9faf-4b9c-91c3-7fb5efb92aef', 'c53a6ed7-5d8c-489f-b420-91cc1f0f2549', '33fb6055-f9c1-4854-816f-287d02f04671', 'Cotton', NULL, NULL, NULL, 'Cotton'),
    ('ebd5f859-fab6-4500-bb10-25411f771785', 'f9e41e88-f7b5-4112-8daa-5cb8e59338d8', 'a17c22f6-c112-4b58-8d2e-b2bced7861e7', 'XL', NULL, NULL, NULL, 'XL'),
    ('ece24890-1b1d-40e5-908e-46f7f6d50adb', 'f9e41e88-f7b5-4112-8daa-5cb8e59338d8', '05054d87-90b3-4ae8-a724-cd4da97d5aee', 'Black', NULL, NULL, NULL, 'Black'),
    ('1e1d5570-7e49-4fe7-a960-4bbdd3187f38', 'f9e41e88-f7b5-4112-8daa-5cb8e59338d8', 'e7ce45ef-4ed4-441d-8847-3735c76d7817', 'U.S. Polo Assn.', NULL, NULL, NULL, 'U.S. Polo Assn.'),
    ('62783b02-5f1e-4678-9eab-cb25d3974cb9', 'f9e41e88-f7b5-4112-8daa-5cb8e59338d8', '30cc4a35-192e-440e-99f0-b0f9b9a4fd16', 'New', NULL, NULL, NULL, 'New'),
    ('f99d47eb-1574-4909-982a-44aeae2ca163', 'f9e41e88-f7b5-4112-8daa-5cb8e59338d8', '33fb6055-f9c1-4854-816f-287d02f04671', 'Cotton', NULL, NULL, NULL, 'Cotton'),
    ('5c503ee0-b456-4a43-a950-3d1ee6e339f9', 'c36cb43d-6bb6-4b77-8efb-298e3423637e', 'a17c22f6-c112-4b58-8d2e-b2bced7861e7', 'M', NULL, NULL, NULL, 'M'),
    ('d5fddc32-83e8-450c-9cfe-0eeb6f043514', 'c36cb43d-6bb6-4b77-8efb-298e3423637e', '05054d87-90b3-4ae8-a724-cd4da97d5aee', 'Blue', NULL, NULL, NULL, 'Blue'),
    ('2028b066-cb7a-424e-91e8-c15ad8f71d85', 'c36cb43d-6bb6-4b77-8efb-298e3423637e', 'e7ce45ef-4ed4-441d-8847-3735c76d7817', 'U.S. Polo Assn.', NULL, NULL, NULL, 'U.S. Polo Assn.'),
    ('c0e956b2-c51d-4387-a564-34e312ef1869', 'c36cb43d-6bb6-4b77-8efb-298e3423637e', '30cc4a35-192e-440e-99f0-b0f9b9a4fd16', 'New', NULL, NULL, NULL, 'New'),
    ('9aa9ad8b-0e29-40bf-a16f-fb87ef5e50cf', 'c36cb43d-6bb6-4b77-8efb-298e3423637e', '33fb6055-f9c1-4854-816f-287d02f04671', 'Cotton', NULL, NULL, NULL, 'Cotton'),
    ('9e7b8c77-1a66-4d16-81d6-58659b601126', 'f6f81f29-3152-416c-90f2-98dd14e8a2c7', 'a17c22f6-c112-4b58-8d2e-b2bced7861e7', 'L', NULL, NULL, NULL, 'L'),
    ('721eb25e-0c66-4339-aef3-f17907386753', 'f6f81f29-3152-416c-90f2-98dd14e8a2c7', '05054d87-90b3-4ae8-a724-cd4da97d5aee', 'Blue', NULL, NULL, NULL, 'Blue'),
    ('2117bd86-c5c2-4682-a8d9-f19b60ccd64b', 'f6f81f29-3152-416c-90f2-98dd14e8a2c7', 'e7ce45ef-4ed4-441d-8847-3735c76d7817', 'U.S. Polo Assn.', NULL, NULL, NULL, 'U.S. Polo Assn.'),
    ('036d8418-e2c2-4636-8f3d-5250790f5c83', 'f6f81f29-3152-416c-90f2-98dd14e8a2c7', '30cc4a35-192e-440e-99f0-b0f9b9a4fd16', 'New', NULL, NULL, NULL, 'New'),
    ('8eb12318-59a5-4787-8786-da8d0493cdce', 'f6f81f29-3152-416c-90f2-98dd14e8a2c7', '33fb6055-f9c1-4854-816f-287d02f04671', 'Cotton', NULL, NULL, NULL, 'Cotton'),
    ('285f0538-0fc5-4b97-ab91-64de21fc6a0c', '9b6d2b64-0978-4259-9fde-3c0bd84e17ef', 'a17c22f6-c112-4b58-8d2e-b2bced7861e7', 'XL', NULL, NULL, NULL, 'XL'),
    ('39212723-7b37-4c2f-bb5e-63b357425673', '9b6d2b64-0978-4259-9fde-3c0bd84e17ef', '05054d87-90b3-4ae8-a724-cd4da97d5aee', 'Blue', NULL, NULL, NULL, 'Blue'),
    ('c4dbc4d8-2710-4d42-89e0-9c15a35c1474', '9b6d2b64-0978-4259-9fde-3c0bd84e17ef', 'e7ce45ef-4ed4-441d-8847-3735c76d7817', 'U.S. Polo Assn.', NULL, NULL, NULL, 'U.S. Polo Assn.'),
    ('4f5eaa1c-e59d-4422-8349-09ed0d66497d', '9b6d2b64-0978-4259-9fde-3c0bd84e17ef', '30cc4a35-192e-440e-99f0-b0f9b9a4fd16', 'New', NULL, NULL, NULL, 'New'),
    ('22f9280b-e5f9-4dff-b9b6-9f72af5d589f', '9b6d2b64-0978-4259-9fde-3c0bd84e17ef', '33fb6055-f9c1-4854-816f-287d02f04671', 'Cotton', NULL, NULL, NULL, 'Cotton'),
    ('198e3f51-03ef-4a4e-ac7d-a88b49ef54bb', '9fe5317e-b3b4-4ed3-a848-25dc36ab6ceb', 'a17c22f6-c112-4b58-8d2e-b2bced7861e7', 'M', NULL, NULL, NULL, 'M'),
    ('db863b71-c2b1-42a5-8093-09990f8061e8', '9fe5317e-b3b4-4ed3-a848-25dc36ab6ceb', '05054d87-90b3-4ae8-a724-cd4da97d5aee', 'Red', NULL, NULL, NULL, 'Red'),
    ('f1c5f1b6-2b60-4cdd-aeaa-a155d066a3d9', '9fe5317e-b3b4-4ed3-a848-25dc36ab6ceb', 'e7ce45ef-4ed4-441d-8847-3735c76d7817', 'U.S. Polo Assn.', NULL, NULL, NULL, 'U.S. Polo Assn.'),
    ('690d4e70-9f50-420c-b48c-958ac5be01c9', '9fe5317e-b3b4-4ed3-a848-25dc36ab6ceb', '30cc4a35-192e-440e-99f0-b0f9b9a4fd16', 'New', NULL, NULL, NULL, 'New'),
    ('89d133c1-6b83-44ec-94aa-ec39e0c83d27', '9fe5317e-b3b4-4ed3-a848-25dc36ab6ceb', '33fb6055-f9c1-4854-816f-287d02f04671', 'Cotton', NULL, NULL, NULL, 'Cotton'),
    ('776d2205-108d-4607-a88f-d73452d8b634', 'ad75a08f-ec3e-4243-830a-1e3568a8579b', 'a17c22f6-c112-4b58-8d2e-b2bced7861e7', 'L', NULL, NULL, NULL, 'L'),
    ('9c3b23c8-86c9-4a72-a09c-1bc5a007f7d0', 'ad75a08f-ec3e-4243-830a-1e3568a8579b', '05054d87-90b3-4ae8-a724-cd4da97d5aee', 'Red', NULL, NULL, NULL, 'Red'),
    ('431c251a-1b85-4777-a1d5-74eca4a53a8e', 'ad75a08f-ec3e-4243-830a-1e3568a8579b', 'e7ce45ef-4ed4-441d-8847-3735c76d7817', 'U.S. Polo Assn.', NULL, NULL, NULL, 'U.S. Polo Assn.'),
    ('55519366-7732-43e6-ad81-35fcc626d474', 'ad75a08f-ec3e-4243-830a-1e3568a8579b', '30cc4a35-192e-440e-99f0-b0f9b9a4fd16', 'New', NULL, NULL, NULL, 'New'),
    ('639cc0b1-872c-4229-9c1d-821b29978c35', 'ad75a08f-ec3e-4243-830a-1e3568a8579b', '33fb6055-f9c1-4854-816f-287d02f04671', 'Cotton', NULL, NULL, NULL, 'Cotton'),
    ('c61eca7b-dcea-450f-aa8a-a1a795a1a397', '8de28d7d-2a9d-47cc-b833-fa3aad3efed6', 'a17c22f6-c112-4b58-8d2e-b2bced7861e7', 'XL', NULL, NULL, NULL, 'XL'),
    ('d0bd5e09-bdf6-4cc1-97a0-57fd5abfbedc', '8de28d7d-2a9d-47cc-b833-fa3aad3efed6', '05054d87-90b3-4ae8-a724-cd4da97d5aee', 'Red', NULL, NULL, NULL, 'Red'),
    ('308f3b0e-2166-4a42-bfbc-725a35f9eca3', '8de28d7d-2a9d-47cc-b833-fa3aad3efed6', 'e7ce45ef-4ed4-441d-8847-3735c76d7817', 'U.S. Polo Assn.', NULL, NULL, NULL, 'U.S. Polo Assn.'),
    ('cb9a2724-8f5c-462d-8efd-f950f0d3a7e9', '8de28d7d-2a9d-47cc-b833-fa3aad3efed6', '30cc4a35-192e-440e-99f0-b0f9b9a4fd16', 'New', NULL, NULL, NULL, 'New'),
    ('8cc624f9-de80-4522-960f-70833e2937e0', '8de28d7d-2a9d-47cc-b833-fa3aad3efed6', '33fb6055-f9c1-4854-816f-287d02f04671', 'Cotton', NULL, NULL, NULL, 'Cotton'),
    ('bf28fb1d-2202-4d22-8c20-adaca477991d', 'a236eab0-590f-49b5-a7e7-407df08278ff', 'a17c22f6-c112-4b58-8d2e-b2bced7861e7', 'M', NULL, NULL, NULL, 'M'),
    ('65622487-5359-48f2-8c09-9a9595dade3b', 'a236eab0-590f-49b5-a7e7-407df08278ff', '05054d87-90b3-4ae8-a724-cd4da97d5aee', 'Black', NULL, NULL, NULL, 'Black'),
    ('ef037333-75de-43d5-a11a-7416ce6acb07', 'a236eab0-590f-49b5-a7e7-407df08278ff', 'e7ce45ef-4ed4-441d-8847-3735c76d7817', 'U.S. Polo Assn.', NULL, NULL, NULL, 'U.S. Polo Assn.'),
    ('fd19f04b-ef8e-497f-89ae-6e9cd6ad3e3e', 'a236eab0-590f-49b5-a7e7-407df08278ff', '30cc4a35-192e-440e-99f0-b0f9b9a4fd16', 'New', NULL, NULL, NULL, 'New'),
    ('e13fb750-ddd9-4a15-b2ab-90beffbd9e6b', 'a236eab0-590f-49b5-a7e7-407df08278ff', '33fb6055-f9c1-4854-816f-287d02f04671', 'Cotton', NULL, NULL, NULL, 'Cotton'),
    ('1a8f647b-9e42-40d0-bf38-dac37262ef39', 'adffe5ce-5f2a-4624-95d0-e4a7de75be8f', 'a17c22f6-c112-4b58-8d2e-b2bced7861e7', 'L', NULL, NULL, NULL, 'L'),
    ('5fd96083-8119-4f48-bfb4-44b9edddb1ac', 'adffe5ce-5f2a-4624-95d0-e4a7de75be8f', '05054d87-90b3-4ae8-a724-cd4da97d5aee', 'Black', NULL, NULL, NULL, 'Black'),
    ('dd1d7d8b-02c2-4456-96ed-1e29055b7111', 'adffe5ce-5f2a-4624-95d0-e4a7de75be8f', 'e7ce45ef-4ed4-441d-8847-3735c76d7817', 'U.S. Polo Assn.', NULL, NULL, NULL, 'U.S. Polo Assn.'),
    ('5d19e6b5-ab87-4ff3-9b1f-dd5009f7745e', 'adffe5ce-5f2a-4624-95d0-e4a7de75be8f', '30cc4a35-192e-440e-99f0-b0f9b9a4fd16', 'New', NULL, NULL, NULL, 'New'),
    ('3b42ea31-2762-4b98-8426-8553187fab58', 'adffe5ce-5f2a-4624-95d0-e4a7de75be8f', '33fb6055-f9c1-4854-816f-287d02f04671', 'Cotton', NULL, NULL, NULL, 'Cotton'),
    ('30e088b2-57a5-4da3-b7ae-f680d2a716cd', 'a39f9ec0-fa20-4c98-9d03-21a72cb899fc', 'a17c22f6-c112-4b58-8d2e-b2bced7861e7', 'XL', NULL, NULL, NULL, 'XL'),
    ('1f184094-af5c-43f1-87cd-0a62bebf03d5', 'a39f9ec0-fa20-4c98-9d03-21a72cb899fc', '05054d87-90b3-4ae8-a724-cd4da97d5aee', 'Black', NULL, NULL, NULL, 'Black'),
    ('da32811e-5be3-45a2-86e7-56a2188ed594', 'a39f9ec0-fa20-4c98-9d03-21a72cb899fc', 'e7ce45ef-4ed4-441d-8847-3735c76d7817', 'U.S. Polo Assn.', NULL, NULL, NULL, 'U.S. Polo Assn.'),
    ('a74a93db-008a-4f10-a1c8-e74e4d796ebd', 'a39f9ec0-fa20-4c98-9d03-21a72cb899fc', '30cc4a35-192e-440e-99f0-b0f9b9a4fd16', 'New', NULL, NULL, NULL, 'New'),
    ('1ca01813-7c7b-49a5-be5a-d0682568c194', 'a39f9ec0-fa20-4c98-9d03-21a72cb899fc', '33fb6055-f9c1-4854-816f-287d02f04671', 'Cotton', NULL, NULL, NULL, 'Cotton'),
    ('b5d4ec44-8454-4b8b-ab04-636c7ae54a7d', '0334e916-c2d3-48a8-9789-e0576751f517', 'a17c22f6-c112-4b58-8d2e-b2bced7861e7', 'M', NULL, NULL, NULL, 'M'),
    ('4be05c89-5cbb-4ac6-b83b-15b489dc29ca', '0334e916-c2d3-48a8-9789-e0576751f517', '05054d87-90b3-4ae8-a724-cd4da97d5aee', 'Blue', NULL, NULL, NULL, 'Blue'),
    ('df272848-887f-4648-af3d-b7a6868da991', '0334e916-c2d3-48a8-9789-e0576751f517', 'e7ce45ef-4ed4-441d-8847-3735c76d7817', 'U.S. Polo Assn.', NULL, NULL, NULL, 'U.S. Polo Assn.'),
    ('fef6336d-78c2-4e51-ba4b-a534a86d16ca', '0334e916-c2d3-48a8-9789-e0576751f517', '30cc4a35-192e-440e-99f0-b0f9b9a4fd16', 'New', NULL, NULL, NULL, 'New'),
    ('7153e5b9-3563-4455-b685-4f112471e9f6', '0334e916-c2d3-48a8-9789-e0576751f517', '33fb6055-f9c1-4854-816f-287d02f04671', 'Cotton', NULL, NULL, NULL, 'Cotton'),
    ('a9d4c539-aa39-44b5-a59a-9986436b0cc0', '4931c320-c68f-47f0-857f-83438a7d36d3', 'a17c22f6-c112-4b58-8d2e-b2bced7861e7', 'L', NULL, NULL, NULL, 'L'),
    ('36bc1676-d331-409f-9225-431a1466005d', '4931c320-c68f-47f0-857f-83438a7d36d3', '05054d87-90b3-4ae8-a724-cd4da97d5aee', 'Blue', NULL, NULL, NULL, 'Blue'),
    ('8726f8f5-0c77-49fd-9802-5207f54ac85a', '4931c320-c68f-47f0-857f-83438a7d36d3', 'e7ce45ef-4ed4-441d-8847-3735c76d7817', 'U.S. Polo Assn.', NULL, NULL, NULL, 'U.S. Polo Assn.'),
    ('d2ba0c3d-d4fd-46d0-92c5-22571afe2c7d', '4931c320-c68f-47f0-857f-83438a7d36d3', '30cc4a35-192e-440e-99f0-b0f9b9a4fd16', 'New', NULL, NULL, NULL, 'New'),
    ('fc056aa3-f030-49f7-a25e-fac429fa0d1c', '4931c320-c68f-47f0-857f-83438a7d36d3', '33fb6055-f9c1-4854-816f-287d02f04671', 'Cotton', NULL, NULL, NULL, 'Cotton'),
    ('6eda332f-56d5-4ea7-a7c3-4399d9858eb0', '3655d5cc-f502-4f6c-8638-f8912d1354e2', 'a17c22f6-c112-4b58-8d2e-b2bced7861e7', 'XL', NULL, NULL, NULL, 'XL'),
    ('7245c84c-5aad-4618-9ed0-9208f88dce79', '3655d5cc-f502-4f6c-8638-f8912d1354e2', '05054d87-90b3-4ae8-a724-cd4da97d5aee', 'Blue', NULL, NULL, NULL, 'Blue'),
    ('c28cc260-7ddb-4bfb-ad14-a4c124e2642a', '3655d5cc-f502-4f6c-8638-f8912d1354e2', 'e7ce45ef-4ed4-441d-8847-3735c76d7817', 'U.S. Polo Assn.', NULL, NULL, NULL, 'U.S. Polo Assn.'),
    ('0429637e-1113-406f-aa09-12b24c552b44', '3655d5cc-f502-4f6c-8638-f8912d1354e2', '30cc4a35-192e-440e-99f0-b0f9b9a4fd16', 'New', NULL, NULL, NULL, 'New'),
    ('6cb7ee4f-5e65-4e14-b7b5-e9667cca890e', '3655d5cc-f502-4f6c-8638-f8912d1354e2', '33fb6055-f9c1-4854-816f-287d02f04671', 'Cotton', NULL, NULL, NULL, 'Cotton'),
    ('0cc58cec-2911-4a16-8e6f-710ea7cc6a0b', '194c7f3e-d64c-4aff-9d16-c5c13f0626eb', 'a17c22f6-c112-4b58-8d2e-b2bced7861e7', 'M', NULL, NULL, NULL, 'M'),
    ('14ae2828-1ac5-409b-9cee-e273cd4782a2', '194c7f3e-d64c-4aff-9d16-c5c13f0626eb', '05054d87-90b3-4ae8-a724-cd4da97d5aee', 'Red', NULL, NULL, NULL, 'Red'),
    ('7d7d26c3-fc95-4a2d-a6b2-adda559af20a', '194c7f3e-d64c-4aff-9d16-c5c13f0626eb', 'e7ce45ef-4ed4-441d-8847-3735c76d7817', 'U.S. Polo Assn.', NULL, NULL, NULL, 'U.S. Polo Assn.'),
    ('4345a160-d754-4faa-aeeb-262d081c4742', '194c7f3e-d64c-4aff-9d16-c5c13f0626eb', '30cc4a35-192e-440e-99f0-b0f9b9a4fd16', 'New', NULL, NULL, NULL, 'New'),
    ('6c1606c6-2664-41af-bc80-fefba291bfa3', '194c7f3e-d64c-4aff-9d16-c5c13f0626eb', '33fb6055-f9c1-4854-816f-287d02f04671', 'Cotton', NULL, NULL, NULL, 'Cotton'),
    ('15f432a9-1408-4dbf-9a93-a6fce0f63b01', 'dcf22a3c-1ad2-46d4-945c-c47913e596d5', 'a17c22f6-c112-4b58-8d2e-b2bced7861e7', 'L', NULL, NULL, NULL, 'L'),
    ('2895d864-6807-4bdb-be11-ce5ba1c33736', 'dcf22a3c-1ad2-46d4-945c-c47913e596d5', '05054d87-90b3-4ae8-a724-cd4da97d5aee', 'Red', NULL, NULL, NULL, 'Red'),
    ('e2c5b89c-8a4f-4d9f-ade9-93c2a8b04c06', 'dcf22a3c-1ad2-46d4-945c-c47913e596d5', 'e7ce45ef-4ed4-441d-8847-3735c76d7817', 'U.S. Polo Assn.', NULL, NULL, NULL, 'U.S. Polo Assn.'),
    ('856322c2-d999-41dd-aef8-3d8164182cc6', 'dcf22a3c-1ad2-46d4-945c-c47913e596d5', '30cc4a35-192e-440e-99f0-b0f9b9a4fd16', 'New', NULL, NULL, NULL, 'New'),
    ('38ab9c5c-9698-4e76-90fb-7088cd7a03d5', 'dcf22a3c-1ad2-46d4-945c-c47913e596d5', '33fb6055-f9c1-4854-816f-287d02f04671', 'Cotton', NULL, NULL, NULL, 'Cotton'),
    ('6f150374-f012-4e95-b795-5d8781176238', '4e8c1518-3675-462c-a338-493dcc7054fd', 'a17c22f6-c112-4b58-8d2e-b2bced7861e7', 'XL', NULL, NULL, NULL, 'XL'),
    ('ba8326f1-d6aa-41b1-bd6f-6549477d3919', '4e8c1518-3675-462c-a338-493dcc7054fd', '05054d87-90b3-4ae8-a724-cd4da97d5aee', 'Red', NULL, NULL, NULL, 'Red'),
    ('8232afa7-de85-4e0c-976f-a9dade308617', '4e8c1518-3675-462c-a338-493dcc7054fd', 'e7ce45ef-4ed4-441d-8847-3735c76d7817', 'U.S. Polo Assn.', NULL, NULL, NULL, 'U.S. Polo Assn.'),
    ('2ec6b87f-39a4-42c2-908f-fce4d27ff007', '4e8c1518-3675-462c-a338-493dcc7054fd', '30cc4a35-192e-440e-99f0-b0f9b9a4fd16', 'New', NULL, NULL, NULL, 'New'),
    ('a971173f-1f1a-4649-b225-7567d94dca81', '4e8c1518-3675-462c-a338-493dcc7054fd', '33fb6055-f9c1-4854-816f-287d02f04671', 'Cotton', NULL, NULL, NULL, 'Cotton'),
    ('5971c8f3-eb85-4926-8626-ab33782361e7', '34dd9449-eeea-4176-826f-4d3a099f59f3', 'a17c22f6-c112-4b58-8d2e-b2bced7861e7', 'M', NULL, NULL, NULL, 'M'),
    ('cbfa217b-9312-4bd0-a748-72ab44bb8df3', '34dd9449-eeea-4176-826f-4d3a099f59f3', '05054d87-90b3-4ae8-a724-cd4da97d5aee', 'Black', NULL, NULL, NULL, 'Black'),
    ('22735131-7cae-49f9-a52e-3bc2b728a8a2', '34dd9449-eeea-4176-826f-4d3a099f59f3', 'e7ce45ef-4ed4-441d-8847-3735c76d7817', 'U.S. Polo Assn.', NULL, NULL, NULL, 'U.S. Polo Assn.'),
    ('94fb8e3b-7d34-4faf-bf93-bbaf217f4e5b', '34dd9449-eeea-4176-826f-4d3a099f59f3', '30cc4a35-192e-440e-99f0-b0f9b9a4fd16', 'New', NULL, NULL, NULL, 'New'),
    ('1f689b77-175a-47e3-8179-c89d77be1dcb', '34dd9449-eeea-4176-826f-4d3a099f59f3', '33fb6055-f9c1-4854-816f-287d02f04671', 'Cotton', NULL, NULL, NULL, 'Cotton'),
    ('87efa5af-f577-47bf-b685-1c64c4a0025a', 'f6420676-2bc7-46a5-b5ad-3aeadb179de1', 'a17c22f6-c112-4b58-8d2e-b2bced7861e7', 'L', NULL, NULL, NULL, 'L'),
    ('34c95004-0628-4dac-b470-759d1f19724d', 'f6420676-2bc7-46a5-b5ad-3aeadb179de1', '05054d87-90b3-4ae8-a724-cd4da97d5aee', 'Black', NULL, NULL, NULL, 'Black'),
    ('af893ed6-985e-4fc5-bac4-b1e8d2c0b65d', 'f6420676-2bc7-46a5-b5ad-3aeadb179de1', 'e7ce45ef-4ed4-441d-8847-3735c76d7817', 'U.S. Polo Assn.', NULL, NULL, NULL, 'U.S. Polo Assn.'),
    ('0186679e-5418-41a3-bf96-9fd25dd1f64a', 'f6420676-2bc7-46a5-b5ad-3aeadb179de1', '30cc4a35-192e-440e-99f0-b0f9b9a4fd16', 'New', NULL, NULL, NULL, 'New'),
    ('c1cec7de-8ea1-486d-8d30-0d47ca8e0337', 'f6420676-2bc7-46a5-b5ad-3aeadb179de1', '33fb6055-f9c1-4854-816f-287d02f04671', 'Cotton', NULL, NULL, NULL, 'Cotton'),
    ('b2af26b9-7f71-4739-bec0-640bbd7f614d', '28a547c9-9ca7-4af3-aa8e-448012bafdc1', 'a17c22f6-c112-4b58-8d2e-b2bced7861e7', 'XL', NULL, NULL, NULL, 'XL'),
    ('cc42240b-1c06-4753-9704-10055a2066b1', '28a547c9-9ca7-4af3-aa8e-448012bafdc1', '05054d87-90b3-4ae8-a724-cd4da97d5aee', 'Black', NULL, NULL, NULL, 'Black'),
    ('193a4ff8-ec6a-4c72-bbba-6d956b73a571', '28a547c9-9ca7-4af3-aa8e-448012bafdc1', 'e7ce45ef-4ed4-441d-8847-3735c76d7817', 'U.S. Polo Assn.', NULL, NULL, NULL, 'U.S. Polo Assn.'),
    ('677f42b3-4560-4f84-96dd-67efc7ab0fb7', '28a547c9-9ca7-4af3-aa8e-448012bafdc1', '30cc4a35-192e-440e-99f0-b0f9b9a4fd16', 'New', NULL, NULL, NULL, 'New'),
    ('41506345-7683-4361-accd-62c94e2ebfdd', '28a547c9-9ca7-4af3-aa8e-448012bafdc1', '33fb6055-f9c1-4854-816f-287d02f04671', 'Cotton', NULL, NULL, NULL, 'Cotton'),
    ('8f67e5b6-284b-417c-ba3d-d6cc82fc4df5', '322a6669-9446-4086-9090-f94ff586c47f', 'a17c22f6-c112-4b58-8d2e-b2bced7861e7', 'M', NULL, NULL, NULL, 'M'),
    ('99e6b36f-e476-42ee-8832-a44d73b02672', '322a6669-9446-4086-9090-f94ff586c47f', '05054d87-90b3-4ae8-a724-cd4da97d5aee', 'Blue', NULL, NULL, NULL, 'Blue'),
    ('2206d7e3-3b17-40a1-9ba4-0776ea469179', '322a6669-9446-4086-9090-f94ff586c47f', 'e7ce45ef-4ed4-441d-8847-3735c76d7817', 'U.S. Polo Assn.', NULL, NULL, NULL, 'U.S. Polo Assn.'),
    ('572b5cff-6ef7-4f87-bab0-b5a6b1ac32ae', '322a6669-9446-4086-9090-f94ff586c47f', '30cc4a35-192e-440e-99f0-b0f9b9a4fd16', 'New', NULL, NULL, NULL, 'New'),
    ('ba42dcfb-4a27-492b-a112-72064cb4d933', '322a6669-9446-4086-9090-f94ff586c47f', '33fb6055-f9c1-4854-816f-287d02f04671', 'Cotton', NULL, NULL, NULL, 'Cotton'),
    ('e063d93f-084d-478c-bac5-c52302bd0fa1', '65569ef6-4b5a-45a8-bda2-db85f67bbcd7', 'a17c22f6-c112-4b58-8d2e-b2bced7861e7', 'L', NULL, NULL, NULL, 'L'),
    ('1bebfb53-21b3-4648-be11-62d4c12bfa7e', '65569ef6-4b5a-45a8-bda2-db85f67bbcd7', '05054d87-90b3-4ae8-a724-cd4da97d5aee', 'Blue', NULL, NULL, NULL, 'Blue'),
    ('79ad6685-4c37-4e40-aab7-65b752aedf7d', '65569ef6-4b5a-45a8-bda2-db85f67bbcd7', 'e7ce45ef-4ed4-441d-8847-3735c76d7817', 'U.S. Polo Assn.', NULL, NULL, NULL, 'U.S. Polo Assn.'),
    ('ffa1ab6b-7281-4ed9-95b6-d346d008c665', '65569ef6-4b5a-45a8-bda2-db85f67bbcd7', '30cc4a35-192e-440e-99f0-b0f9b9a4fd16', 'New', NULL, NULL, NULL, 'New'),
    ('ebfe8a4a-cc5f-44fa-a796-55b6243abadf', '65569ef6-4b5a-45a8-bda2-db85f67bbcd7', '33fb6055-f9c1-4854-816f-287d02f04671', 'Cotton', NULL, NULL, NULL, 'Cotton'),
    ('648ec643-ea54-4cbd-beed-cee28a739eab', '989818f8-158f-430f-b477-1001f91bfd5d', 'a17c22f6-c112-4b58-8d2e-b2bced7861e7', 'XL', NULL, NULL, NULL, 'XL'),
    ('13e90e90-c17e-4107-b9b1-52719e534ac2', '989818f8-158f-430f-b477-1001f91bfd5d', '05054d87-90b3-4ae8-a724-cd4da97d5aee', 'Blue', NULL, NULL, NULL, 'Blue'),
    ('e4e1665f-e709-4004-b1f7-65b35876bd21', '989818f8-158f-430f-b477-1001f91bfd5d', 'e7ce45ef-4ed4-441d-8847-3735c76d7817', 'U.S. Polo Assn.', NULL, NULL, NULL, 'U.S. Polo Assn.'),
    ('c26c34e6-cf6a-4027-a1e7-a08f0adafcc9', '989818f8-158f-430f-b477-1001f91bfd5d', '30cc4a35-192e-440e-99f0-b0f9b9a4fd16', 'New', NULL, NULL, NULL, 'New'),
    ('64b33665-6661-4b42-be6f-3bd5f27ab321', '989818f8-158f-430f-b477-1001f91bfd5d', '33fb6055-f9c1-4854-816f-287d02f04671', 'Cotton', NULL, NULL, NULL, 'Cotton');

