INSERT INTO categories(id, parent_category_id, name)
VALUES
    ('172dc2b8-1014-4769-be52-89891fa1b902', NULL, 'Clothes'),
    ('1395503e-ed39-43e2-8c32-14d2c9614f8b', NULL, 'Electronics'),
    ('bc98c98c-f944-4355-b5b9-d89b4d305561', NULL, 'Books'),
    ('6709d5c8-6f80-4ed3-b36b-ecbf916cfa73', NULL, 'Beauty'),
    ('641e071b-d38b-4a31-8335-1644cd9eca8f', NULL, 'Sports'),
    ('22db0857-baa9-489e-8e3a-403ec52573d4', NULL, 'Toys'),
    ('b4aa2dfc-b0c1-465d-80c7-a3f2f4e1a821', NULL, 'Food');

INSERT INTO categories(id, parent_category_id, name)
VALUES
    ('c6a384c7-65ca-4003-a7b5-4cf967888fac', '172dc2b8-1014-4769-be52-89891fa1b902', 'Man'),
    ('b2aa8a98-bc1f-4b6a-ab51-7d99d5c27363', '172dc2b8-1014-4769-be52-89891fa1b902', 'Woman'),
    ('5cecee74-3fad-488c-911d-ca277934a335', '1395503e-ed39-43e2-8c32-14d2c9614f8b', 'Computers'),
    ('256639ae-538b-4ed7-986b-edc8427e5927', '1395503e-ed39-43e2-8c32-14d2c9614f8b', 'Mobile Phones'),
    ('d0c20b0c-65f8-4856-b31f-ee293206025c', '1395503e-ed39-43e2-8c32-14d2c9614f8b', 'Audio'),
    ('865e22a1-baa8-44de-be33-b13c5fa369be', '1395503e-ed39-43e2-8c32-14d2c9614f8b', 'TV'),
    ('bfad6902-7dde-4ea3-8bf1-245d13938079', '1395503e-ed39-43e2-8c32-14d2c9614f8b', 'Smart Home'),
    ('7f256456-4ecc-4359-ad66-83c0e1ae44cd', '1395503e-ed39-43e2-8c32-14d2c9614f8b', 'Drones'),
    ('89a5247d-7b2e-4a46-be03-a8aef462eaf4', '1395503e-ed39-43e2-8c32-14d2c9614f8b', 'Networking & Wi-Fi Devices'),
    ('9cae1169-e4ec-4278-b076-006cb6053502', '1395503e-ed39-43e2-8c32-14d2c9614f8b', 'Laptops'),
    ('99e8e235-2a6d-4a7b-8b3c-ad2ea413fa9a', '6709d5c8-6f80-4ed3-b36b-ecbf916cfa73', 'Skincare'),
    ('1746eedb-ff04-4cce-a64c-8facef53a7bc', '6709d5c8-6f80-4ed3-b36b-ecbf916cfa73', 'Makeup'),
    ('eb0c3a4a-0d2d-45a9-8d8e-bb989ecef635', '6709d5c8-6f80-4ed3-b36b-ecbf916cfa73', 'Haircare'),
    ('76066eb4-8101-4b81-ae24-180274013cc9', '6709d5c8-6f80-4ed3-b36b-ecbf916cfa73', 'Fragrance'),
    ('1ab2b269-a09f-4eb8-9a72-055265708dd1', '6709d5c8-6f80-4ed3-b36b-ecbf916cfa73', 'Nail Care'),
    ('900a504d-99af-4e1d-81fa-78e47f117109', '6709d5c8-6f80-4ed3-b36b-ecbf916cfa73', 'Bath & Body'),
    ('a38edabb-7d79-4ecb-9c94-2ba2891b83bc', '641e071b-d38b-4a31-8335-1644cd9eca8f', 'Team Sports'),
    ('5edcd264-d73c-474d-be43-2e4414072202', '641e071b-d38b-4a31-8335-1644cd9eca8f', 'Individual Sports'),
    ('304d56a6-19f2-44c5-813a-2e03f3403eb0', '641e071b-d38b-4a31-8335-1644cd9eca8f', 'Fitness & Exercise'),
    ('12779b85-39d9-46e6-92ff-3f24ebf52e51', '641e071b-d38b-4a31-8335-1644cd9eca8f', 'Outdoor & Adventure'),
    ('3fe70c42-7a44-46f2-9a5c-e1efa586698c', '22db0857-baa9-489e-8e3a-403ec52573d4', 'Educational Toys'),
    ('70cf5a2d-9166-4080-93b3-8217cfc0d6ad', '22db0857-baa9-489e-8e3a-403ec52573d4', 'Electronics & Robotic Toys'),
    ('da06a5e5-c7a2-48fd-889a-bfb476bc9fc0', '22db0857-baa9-489e-8e3a-403ec52573d4', 'Game & Puzzles'),
    ('cf602c3c-38fd-42fb-8adf-3dfbdf6ea18f', '22db0857-baa9-489e-8e3a-403ec52573d4', 'Building & Construction Toys');

INSERT INTO products(id, category_id, name, approximate_price, delivery_price, description, info)
VALUES
    ('ffcdc601-470b-4ceb-bc2b-4c7e769cd869', '172dc2b8-1014-4769-be52-89891fa1b902', 'The North Face QUEST - Kurtka przeciwdeszczowa', 399.0, 15.0, 'Dyscyplina sportowa. Piesze wędrówki i trekking, Alpinizm. Oddychające, wiatroszczelny, wodoszczelny. Polartec', NULL),
    ('e4d59a6b-e90d-42cb-b5b7-9e83905aa817', '256639ae-538b-4ed7-986b-edc8427e5927', 'Xiaomi Redmi Note 14 6+128GB 6.67" 4G Midnight Black NFC EU', 529.99, 15.0, 'Product Information 6.67" AMOLED 120Hz Display: Smooth visuals and vibrant colors with peak brightness of 1800 nits. An immersive viewing experience. 108MP Rear Camera + 20MP Selfie Camera: Capture every detail with precision thanks to a professional aluminum camera system. MediaTek G99-Ultra Processor: Optimal power for gaming and multitasking without compromise, no NFC. 5500mAh Battery + 33W Fast Charging: Long-lasting battery life and ultra-fast charging to keep you connected. Premium Security and Sound: Built-in fingerprint sensor and dual Dolby speakers for a complete experience.', NULL),
    ('bd631b9a-c00d-4be5-81ee-95a56413353a', '9cae1169-e4ec-4278-b076-006cb6053502', 'APPLE MacBook Air 13'' M4', 4199.0, 15.0, 'Speed. Lightness. Freedom – The MacBook Air with the M4 chip excels at work and play. With up to 18 hours* of battery life and an incredibly portable design, you can tackle any task anywhere. Turbocharged with the M4 Chip – The Apple M4 chip delivers even greater speed and smoothness in everything you do, from multitasking and video editing to playing graphically demanding games. Up to 18 Hours of Battery Life – The MacBook Air is incredibly efficient whether on battery power or plugged in*. Stunning Display – The 13.6-inch Liquid Retina display supports a billion colors*. Photos and videos impress with contrast and detail, while text is exceptionally sharp. Looks and Sounds Amazing – Thanks to the 12MP Center Stage camera, three microphones, and four speakers with spatial audio, everything looks and sounds fantastic. Plenty of Connections – The MacBook Air features two Thunderbolt 4 ports, a MagSafe charging port, a headphone jack, and Wi‑Fi 6E* and Bluetooth 5.3. You can even connect up to two external displays. Apps Fly in macOS – Your favorite apps, including Microsoft 365 Copilot, Adobe Creative Cloud, and Google Workspace, run faster than ever in macOS*. iPhone Lovers Will Love Mac – Mac works seamlessly with all Apple devices. Copy something on your iPhone and paste it on your Mac. Send a message from Mac or answer a FaceTime call*.', NULL),
    ('8db3c40a-0be9-45e4-9590-20a39e970736', '172dc2b8-1014-4769-be52-89891fa1b902', 'U.S. Polo Assn. - Bluza', 175.0, 15.0, 'Najniższa cena w okresie 30 dni przed obniżką: 214,99 zł -19%', NULL);

INSERT INTO variants(id, product_id, price, stock_quantity, additional_properties, description, created_at, updated_at)
VALUES
    ('6dd7a87a-6049-420e-887f-f766e35d0cc2', 'ffcdc601-470b-4ceb-bc2b-4c7e769cd869', 399.0, 36, NULL, '', '2025-11-26 16:57:15.393398', '2025-11-26 16:57:15.393398'),
    ('c8dba064-3e85-406f-8874-179032678865', 'ffcdc601-470b-4ceb-bc2b-4c7e769cd869', 399.0, 27, NULL, '', '2025-11-26 16:57:15.393398', '2025-11-26 16:57:15.393398'),
    ('ec090ceb-c793-4483-92af-22b7a18a00a1', 'ffcdc601-470b-4ceb-bc2b-4c7e769cd869', 399.0, 10, NULL, '', '2025-11-26 16:57:15.393398', '2025-11-26 16:57:15.393398'),
    ('973daea0-3036-472f-af01-e891cb24414a', 'ffcdc601-470b-4ceb-bc2b-4c7e769cd869', 399.0, 40, NULL, '', '2025-11-26 16:57:15.393398', '2025-11-26 16:57:15.393398'),
    ('fdf15f92-bdc9-4edd-ae4b-19aaaa337ce4', 'ffcdc601-470b-4ceb-bc2b-4c7e769cd869', 399.0, 37, NULL, '', '2025-11-26 16:57:15.393398', '2025-11-26 16:57:15.393398'),
    ('049ada4d-0737-4547-a9af-ccc4b537897a', 'ffcdc601-470b-4ceb-bc2b-4c7e769cd869', 399.0, 23, NULL, '', '2025-11-26 16:57:15.393398', '2025-11-26 16:57:15.393398'),
    ('58f07a3e-6dff-4ab9-abb7-9c7d1b7c3e0a', 'ffcdc601-470b-4ceb-bc2b-4c7e769cd869', 399.0, 12, NULL, '', '2025-11-26 16:57:15.393398', '2025-11-26 16:57:15.393398'),
    ('71810f69-5675-43c5-8b9a-41ee0284b107', 'ffcdc601-470b-4ceb-bc2b-4c7e769cd869', 399.0, 25, NULL, '', '2025-11-26 16:57:15.393398', '2025-11-26 16:57:15.393398'),
    ('1550329c-30ca-4c52-a039-75dced4669ad', 'ffcdc601-470b-4ceb-bc2b-4c7e769cd869', 399.0, 42, NULL, '', '2025-11-26 16:57:15.393398', '2025-11-26 16:57:15.393398'),
    ('d3122666-5e06-4f1d-b319-99d60af6f948', 'e4d59a6b-e90d-42cb-b5b7-9e83905aa817', 439.99, 43, NULL, '', '2025-11-26 16:57:15.393398', '2025-11-26 16:57:15.393398'),
    ('cf4e52c8-11d0-44d9-b4a7-8f56dd829c0f', 'e4d59a6b-e90d-42cb-b5b7-9e83905aa817', 619.99, 11, NULL, '', '2025-11-26 16:57:15.393398', '2025-11-26 16:57:15.393398'),
    ('377f8e5a-bd9c-4e00-a971-7825c6cd69a3', 'bd631b9a-c00d-4be5-81ee-95a56413353a', 3799.0, 26, NULL, '', '2025-11-26 16:57:15.393398', '2025-11-26 16:57:15.393398'),
    ('89e90af1-bc3f-4d44-b4bf-44159cd74ccc', 'bd631b9a-c00d-4be5-81ee-95a56413353a', 3899.0, 40, NULL, '', '2025-11-26 16:57:15.393398', '2025-11-26 16:57:15.393398'),
    ('198d82a6-0cd4-4513-be56-79314b808c31', 'bd631b9a-c00d-4be5-81ee-95a56413353a', 4599.0, 11, NULL, '', '2025-11-26 16:57:15.393398', '2025-11-26 16:57:15.393398'),
    ('5c4a9e02-a105-4efe-a5c9-a743d50550f3', '8db3c40a-0be9-45e4-9590-20a39e970736', 175.0, 20, NULL, '', '2025-11-26 16:57:15.393398', '2025-11-26 16:57:15.393398'),
    ('266d1e3e-6f6a-4758-bba8-f1548e56d74d', '8db3c40a-0be9-45e4-9590-20a39e970736', 175.0, 40, NULL, '', '2025-11-26 16:57:15.393398', '2025-11-26 16:57:15.393398'),
    ('bf62e364-e7c1-4c7d-ae32-aaf0b4df4876', '8db3c40a-0be9-45e4-9590-20a39e970736', 175.0, 49, NULL, '', '2025-11-26 16:57:15.393398', '2025-11-26 16:57:15.393398'),
    ('006b6d65-3049-47ad-b582-308693438999', '8db3c40a-0be9-45e4-9590-20a39e970736', 175.0, 31, NULL, '', '2025-11-26 16:57:15.393398', '2025-11-26 16:57:15.393398'),
    ('b327a4b4-a921-42b9-94ac-93f643e41581', '8db3c40a-0be9-45e4-9590-20a39e970736', 175.0, 37, NULL, '', '2025-11-26 16:57:15.393398', '2025-11-26 16:57:15.393398'),
    ('e7aaa89e-5d32-45fe-8a8b-a204beb221df', '8db3c40a-0be9-45e4-9590-20a39e970736', 175.0, 17, NULL, '', '2025-11-26 16:57:15.393398', '2025-11-26 16:57:15.393398'),
    ('3d9d747c-238a-4a6e-b6e6-e3d316865219', '8db3c40a-0be9-45e4-9590-20a39e970736', 175.0, 47, NULL, '', '2025-11-26 16:57:15.393398', '2025-11-26 16:57:15.393398'),
    ('507bb4c0-f0fd-465e-9148-705c61669d6d', '8db3c40a-0be9-45e4-9590-20a39e970736', 175.0, 46, NULL, '', '2025-11-26 16:57:15.393398', '2025-11-26 16:57:15.393398'),
    ('b1413c4a-2d88-4289-b2cd-38fc00a61f3f', '8db3c40a-0be9-45e4-9590-20a39e970736', 175.0, 44, NULL, '', '2025-11-26 16:57:15.393398', '2025-11-26 16:57:15.393398');

INSERT INTO categories(id, parent_category_id, name)
VALUES
    ('bd223913-cfd3-4e78-b9f2-55f6807c9204', '172dc2b8-1014-4769-be52-89891fa1b902', 'Man'),
    ('36e3df52-5e18-4f5b-9287-836689a06370', '172dc2b8-1014-4769-be52-89891fa1b902', 'Woman'),
    ('64997e56-e894-4e98-a5b4-7f723f3ef35c', '1395503e-ed39-43e2-8c32-14d2c9614f8b', 'Computers'),
    ('12b6162d-d503-429a-a688-c415f31a20e0', '1395503e-ed39-43e2-8c32-14d2c9614f8b', 'Mobile Phones'),
    ('1622cdff-e46a-400d-bb9e-be01ff3a6de2', '1395503e-ed39-43e2-8c32-14d2c9614f8b', 'Audio'),
    ('57406931-6361-4986-94a1-9f6ce2d580ef', '1395503e-ed39-43e2-8c32-14d2c9614f8b', 'TV'),
    ('14bf3423-26af-454a-a9ee-6d825c18b5eb', '1395503e-ed39-43e2-8c32-14d2c9614f8b', 'Smart Home'),
    ('b7de880c-e0e4-4ed9-b72e-3b24b8770945', '1395503e-ed39-43e2-8c32-14d2c9614f8b', 'Drones'),
    ('cfbb9c3b-b55e-4eaa-ad74-d73451ddf9b9', '1395503e-ed39-43e2-8c32-14d2c9614f8b', 'Networking & Wi-Fi Devices'),
    ('60152061-f5f1-4a23-9bc7-61b703646f19', '1395503e-ed39-43e2-8c32-14d2c9614f8b', 'Laptops'),
    ('da2c96d6-fb66-4a07-a5f9-a05c3f05516b', '6709d5c8-6f80-4ed3-b36b-ecbf916cfa73', 'Skincare'),
    ('cc0dda75-4200-449e-9b72-12b0a04c7a67', '6709d5c8-6f80-4ed3-b36b-ecbf916cfa73', 'Makeup'),
    ('92b9295e-0224-48b2-b0a1-0fa3913dc7df', '6709d5c8-6f80-4ed3-b36b-ecbf916cfa73', 'Haircare'),
    ('d4ae7dc9-dc2d-4433-adef-e9b48638f0c5', '6709d5c8-6f80-4ed3-b36b-ecbf916cfa73', 'Fragrance'),
    ('f447740e-b34c-44f5-85b2-62fb621e669d', '6709d5c8-6f80-4ed3-b36b-ecbf916cfa73', 'Nail Care'),
    ('a33869a7-1f5d-4b88-9818-bc8b207b9383', '6709d5c8-6f80-4ed3-b36b-ecbf916cfa73', 'Bath & Body'),
    ('f8c29063-b1a8-4963-b4b0-f6c988aeef88', '641e071b-d38b-4a31-8335-1644cd9eca8f', 'Team Sports'),
    ('5a991223-753e-4b4f-82f3-727b7df001d0', '641e071b-d38b-4a31-8335-1644cd9eca8f', 'Individual Sports'),
    ('3150db88-038a-4866-a440-3459cd37e583', '641e071b-d38b-4a31-8335-1644cd9eca8f', 'Fitness & Exercise'),
    ('9b9614d2-eeb1-4633-ba88-3dd6730813ed', '641e071b-d38b-4a31-8335-1644cd9eca8f', 'Outdoor & Adventure'),
    ('4a36503d-f8d4-4195-a3bf-6c9853171c7e', '22db0857-baa9-489e-8e3a-403ec52573d4', 'Educational Toys'),
    ('943ba913-4f25-4f60-84a9-12f1e9202047', '22db0857-baa9-489e-8e3a-403ec52573d4', 'Electronics & Robotic Toys'),
    ('ed6d23f7-8c19-410f-93d2-e823aa81351b', '22db0857-baa9-489e-8e3a-403ec52573d4', 'Game & Puzzles'),
    ('fb0953a9-f6af-43ff-b716-919837981304', '22db0857-baa9-489e-8e3a-403ec52573d4', 'Building & Construction Toys');

INSERT INTO variant_images(id, variant_id, url, is_main, position, created_at, updated_at)
VALUES
    ('bcafa967-88e3-4dcf-ab5b-8db441a5d25d', 'd3122666-5e06-4f1d-b319-99d60af6f948', 'https://m.media-amazon.com/images/I/81JrYIgLUlL._AC_SL1500_.jpg', TRUE, '1', '2025-11-26 16:57:15.463510', '2025-11-26 16:57:15.463510'),
    ('728c02e0-1b68-48d9-a76a-f049fcee838f', 'd3122666-5e06-4f1d-b319-99d60af6f948', 'https://m.media-amazon.com/images/I/71Z2W+g46ML._AC_SL1500_.jpg', FALSE, '2', '2025-11-26 16:57:15.463510', '2025-11-26 16:57:15.463510'),
    ('47ef4474-a633-424f-b12d-fc8e9db27071', 'd3122666-5e06-4f1d-b319-99d60af6f948', 'https://m.media-amazon.com/images/I/615sM+fd2RL._AC_SL1500_.jpg', FALSE, '3', '2025-11-26 16:57:15.463510', '2025-11-26 16:57:15.463510'),
    ('8609175e-e32e-4505-82e7-32145e06a04b', 'd3122666-5e06-4f1d-b319-99d60af6f948', 'https://m.media-amazon.com/images/I/71X+OKuItVL._AC_SL1500_.jpg', FALSE, '4', '2025-11-26 16:57:15.463510', '2025-11-26 16:57:15.463510'),
    ('d506ce3b-92e2-4dbb-8bb8-8f7c9ce7b250', 'cf4e52c8-11d0-44d9-b4a7-8f56dd829c0f', 'https://m.media-amazon.com/images/I/81JrYIgLUlL._AC_SL1500_.jpg', TRUE, '1', '2025-11-26 16:57:15.463510', '2025-11-26 16:57:15.463510'),
    ('d8cac333-f288-4e19-b4ab-9e4058fdbd87', 'cf4e52c8-11d0-44d9-b4a7-8f56dd829c0f', 'https://m.media-amazon.com/images/I/71Z2W+g46ML._AC_SL1500_.jpg', FALSE, '2', '2025-11-26 16:57:15.463510', '2025-11-26 16:57:15.463510'),
    ('5334e61d-1b4d-455b-a093-14dfc46651f7', 'cf4e52c8-11d0-44d9-b4a7-8f56dd829c0f', 'https://m.media-amazon.com/images/I/615sM+fd2RL._AC_SL1500_.jpg', FALSE, '3', '2025-11-26 16:57:15.463510', '2025-11-26 16:57:15.463510'),
    ('2ab56512-675f-4bdc-a8e8-8fc8b1bb9e5a', 'cf4e52c8-11d0-44d9-b4a7-8f56dd829c0f', 'https://m.media-amazon.com/images/I/71X+OKuItVL._AC_SL1500_.jpg', FALSE, '4', '2025-11-26 16:57:15.463510', '2025-11-26 16:57:15.463510'),
    ('142a4b2c-6255-4895-ac2d-13b94a95fadf', '377f8e5a-bd9c-4e00-a971-7825c6cd69a3', 'https://m.media-amazon.com/images/I/71X+OKuItVL._AC_SL1500_.jpg', TRUE, '1', '2025-11-26 16:57:15.463510', '2025-11-26 16:57:15.463510'),
    ('e8ddebb6-a0c4-4255-8f5d-ce526ba5ceb9', '377f8e5a-bd9c-4e00-a971-7825c6cd69a3', 'https://m.media-amazon.com/images/I/61w7pG1uOAL._AC_SL1500_.jpg', FALSE, '2', '2025-11-26 16:57:15.463510', '2025-11-26 16:57:15.463510'),
    ('77d6b307-a09d-4552-adbe-f91c27338f05', '377f8e5a-bd9c-4e00-a971-7825c6cd69a3', 'https://m.media-amazon.com/images/I/61wJeelYVaL._AC_SL1500_.jpg', FALSE, '3', '2025-11-26 16:57:15.463510', '2025-11-26 16:57:15.463510'),
    ('39d3067e-76f0-407c-8753-09de8acc51b3', '377f8e5a-bd9c-4e00-a971-7825c6cd69a3', 'https://m.media-amazon.com/images/I/81CpDU8Aw6L._AC_SL1500_.jpg', FALSE, '4', '2025-11-26 16:57:15.463510', '2025-11-26 16:57:15.463510'),
    ('a1a03fd9-bcc4-42a5-9a27-aa142d2c244f', '89e90af1-bc3f-4d44-b4bf-44159cd74ccc', 'https://m.media-amazon.com/images/I/71X+OKuItVL._AC_SL1500_.jpg', TRUE, '1', '2025-11-26 16:57:15.463510', '2025-11-26 16:57:15.463510'),
    ('da00f678-2ef6-4d51-817b-fbd516337a7a', '89e90af1-bc3f-4d44-b4bf-44159cd74ccc', 'https://m.media-amazon.com/images/I/61w7pG1uOAL._AC_SL1500_.jpg', FALSE, '2', '2025-11-26 16:57:15.463510', '2025-11-26 16:57:15.463510'),
    ('86ee41b0-86f0-4837-a11b-9b81a79bfbac', '89e90af1-bc3f-4d44-b4bf-44159cd74ccc', 'https://m.media-amazon.com/images/I/61wJeelYVaL._AC_SL1500_.jpg', FALSE, '3', '2025-11-26 16:57:15.463510', '2025-11-26 16:57:15.463510'),
    ('e4810b2f-f7f3-4258-8da8-60e004f380c8', '89e90af1-bc3f-4d44-b4bf-44159cd74ccc', 'https://m.media-amazon.com/images/I/81CpDU8Aw6L._AC_SL1500_.jpg', FALSE, '4', '2025-11-26 16:57:15.463510', '2025-11-26 16:57:15.463510'),
    ('e23e5a85-a899-4fb0-9681-0f928fc95d1e', '6dd7a87a-6049-420e-887f-f766e35d0cc2', 'https://img01.ztat.net/article/spp-media-p1/e7d5535687874a518997522421231596/083a79b5507d44b0ba37460bf7169961.jpg?imwidth=1800', TRUE, '1', '2025-11-26 16:57:15.463510', '2025-11-26 16:57:15.463510'),
    ('01037431-7319-441e-b017-46f977c9147c', '6dd7a87a-6049-420e-887f-f766e35d0cc2', 'https://img01.ztat.net/article/spp-media-p1/1f4a7b35647145aa83949357c38ebbf7/184e264ef0b848928b4fc45d92604e13.jpg?imwidth=1800', FALSE, '2', '2025-11-26 16:57:15.463510', '2025-11-26 16:57:15.463510'),
    ('7e7a5d99-a43a-446a-9e28-7bdd57d99fc5', '6dd7a87a-6049-420e-887f-f766e35d0cc2', 'https://img01.ztat.net/article/spp-media-p1/c61704b0794144afac449007b6094966/12449b06c0d04e9583adcc9cfe9d7b34.jpg?imwidth=1800', FALSE, '3', '2025-11-26 16:57:15.463510', '2025-11-26 16:57:15.463510'),
    ('d572fc4d-a4a0-4487-a885-2079df3f99af', '6dd7a87a-6049-420e-887f-f766e35d0cc2', 'https://img01.ztat.net/article/spp-media-p1/dc190f0d0a57448699e86c73881391fe/4b1d1c00cc8c4d4183c5b010bf2413ec.jpg?imwidth=1800', FALSE, '4', '2025-11-26 16:57:15.463510', '2025-11-26 16:57:15.463510'),
    ('ff78b710-96de-4a32-ab15-58255bd33ecf', '6dd7a87a-6049-420e-887f-f766e35d0cc2', 'https://img01.ztat.net/article/spp-media-p1/64f9e64b72fe4ffbabaa620816436caa/415c23d7a9b748c694e30b61a4dc1568.jpg?imwidth=1800', FALSE, '5', '2025-11-26 16:57:15.463510', '2025-11-26 16:57:15.463510'),
    ('329a1223-e961-444b-b12d-0ecc9795a6ba', 'c8dba064-3e85-406f-8874-179032678865', 'https://img01.ztat.net/article/spp-media-p1/e7d5535687874a518997522421231596/083a79b5507d44b0ba37460bf7169961.jpg?imwidth=1800', TRUE, '1', '2025-11-26 16:57:15.463510', '2025-11-26 16:57:15.463510'),
    ('fe2604dd-5f52-455f-8c58-ea385fa2651d', 'c8dba064-3e85-406f-8874-179032678865', 'https://img01.ztat.net/article/spp-media-p1/1f4a7b35647145aa83949357c38ebbf7/184e264ef0b848928b4fc45d92604e13.jpg?imwidth=1800', FALSE, '2', '2025-11-26 16:57:15.463510', '2025-11-26 16:57:15.463510'),
    ('2bde5da5-0fc9-4268-bb14-c968c8ba1b6e', 'c8dba064-3e85-406f-8874-179032678865', 'https://img01.ztat.net/article/spp-media-p1/c61704b0794144afac449007b6094966/12449b06c0d04e9583adcc9cfe9d7b34.jpg?imwidth=1800', FALSE, '3', '2025-11-26 16:57:15.463510', '2025-11-26 16:57:15.463510'),
    ('08670c83-369d-4875-86f1-a4316e2e1596', 'c8dba064-3e85-406f-8874-179032678865', 'https://img01.ztat.net/article/spp-media-p1/dc190f0d0a57448699e86c73881391fe/4b1d1c00cc8c4d4183c5b010bf2413ec.jpg?imwidth=1800', FALSE, '4', '2025-11-26 16:57:15.463510', '2025-11-26 16:57:15.463510'),
    ('c28dce97-83b0-4f18-b176-573912212bd4', 'c8dba064-3e85-406f-8874-179032678865', 'https://img01.ztat.net/article/spp-media-p1/64f9e64b72fe4ffbabaa620816436caa/415c23d7a9b748c694e30b61a4dc1568.jpg?imwidth=1800', FALSE, '5', '2025-11-26 16:57:15.463510', '2025-11-26 16:57:15.463510'),
    ('ffa753d3-1b6c-4e05-9e6e-fbe832fad121', 'ec090ceb-c793-4483-92af-22b7a18a00a1', 'https://img01.ztat.net/article/spp-media-p1/e7d5535687874a518997522421231596/083a79b5507d44b0ba37460bf7169961.jpg?imwidth=1800', TRUE, '1', '2025-11-26 16:57:15.463510', '2025-11-26 16:57:15.463510'),
    ('3902c556-59ac-4f98-b1de-2ddb4111fc0d', 'ec090ceb-c793-4483-92af-22b7a18a00a1', 'https://img01.ztat.net/article/spp-media-p1/1f4a7b35647145aa83949357c38ebbf7/184e264ef0b848928b4fc45d92604e13.jpg?imwidth=1800', FALSE, '2', '2025-11-26 16:57:15.463510', '2025-11-26 16:57:15.463510'),
    ('714e0018-ce1f-436e-8ff1-35dce62e7f51', 'ec090ceb-c793-4483-92af-22b7a18a00a1', 'https://img01.ztat.net/article/spp-media-p1/c61704b0794144afac449007b6094966/12449b06c0d04e9583adcc9cfe9d7b34.jpg?imwidth=1800', FALSE, '3', '2025-11-26 16:57:15.463510', '2025-11-26 16:57:15.463510'),
    ('970b135d-7deb-4083-8994-2c9611e48ab9', 'ec090ceb-c793-4483-92af-22b7a18a00a1', 'https://img01.ztat.net/article/spp-media-p1/dc190f0d0a57448699e86c73881391fe/4b1d1c00cc8c4d4183c5b010bf2413ec.jpg?imwidth=1800', FALSE, '4', '2025-11-26 16:57:15.463510', '2025-11-26 16:57:15.463510'),
    ('9c470310-37b5-4d07-9abd-6f2b5dee5c7c', 'ec090ceb-c793-4483-92af-22b7a18a00a1', 'https://img01.ztat.net/article/spp-media-p1/64f9e64b72fe4ffbabaa620816436caa/415c23d7a9b748c694e30b61a4dc1568.jpg?imwidth=1800', FALSE, '5', '2025-11-26 16:57:15.463510', '2025-11-26 16:57:15.463510'),
    ('dcfdf24b-f4a2-45a9-afaf-bde707fcf673', '973daea0-3036-472f-af01-e891cb24414a', 'https://img01.ztat.net/article/spp-media-p1/e7d5535687874a518997522421231596/083a79b5507d44b0ba37460bf7169961.jpg?imwidth=1800', TRUE, '1', '2025-11-26 16:57:15.463510', '2025-11-26 16:57:15.463510'),
    ('2356b382-31f4-4c5f-a54a-c8a7b326c0a6', '973daea0-3036-472f-af01-e891cb24414a', 'https://img01.ztat.net/article/spp-media-p1/1f4a7b35647145aa83949357c38ebbf7/184e264ef0b848928b4fc45d92604e13.jpg?imwidth=1800', FALSE, '2', '2025-11-26 16:57:15.463510', '2025-11-26 16:57:15.464115'),
    ('8344e5f2-4b7a-4495-a0a8-064888eef8dd', '973daea0-3036-472f-af01-e891cb24414a', 'https://img01.ztat.net/article/spp-media-p1/c61704b0794144afac449007b6094966/12449b06c0d04e9583adcc9cfe9d7b34.jpg?imwidth=1800', FALSE, '3', '2025-11-26 16:57:15.464115', '2025-11-26 16:57:15.464115'),
    ('803a2e67-3670-43f8-8a4b-85de444a8068', '973daea0-3036-472f-af01-e891cb24414a', 'https://img01.ztat.net/article/spp-media-p1/dc190f0d0a57448699e86c73881391fe/4b1d1c00cc8c4d4183c5b010bf2413ec.jpg?imwidth=1800', FALSE, '4', '2025-11-26 16:57:15.464115', '2025-11-26 16:57:15.464115'),
    ('df86f073-d004-4177-b733-1f29b266ead8', '973daea0-3036-472f-af01-e891cb24414a', 'https://img01.ztat.net/article/spp-media-p1/64f9e64b72fe4ffbabaa620816436caa/415c23d7a9b748c694e30b61a4dc1568.jpg?imwidth=1800', FALSE, '5', '2025-11-26 16:57:15.464115', '2025-11-26 16:57:15.464115'),
    ('93e06d41-a123-49e2-9716-dd54f3f86d29', 'fdf15f92-bdc9-4edd-ae4b-19aaaa337ce4', 'https://img01.ztat.net/article/spp-media-p1/e7d5535687874a518997522421231596/083a79b5507d44b0ba37460bf7169961.jpg?imwidth=1800', TRUE, '1', '2025-11-26 16:57:15.464115', '2025-11-26 16:57:15.464115'),
    ('2fd8fee2-922e-47c6-91e2-70e6c090a3b3', 'fdf15f92-bdc9-4edd-ae4b-19aaaa337ce4', 'https://img01.ztat.net/article/spp-media-p1/1f4a7b35647145aa83949357c38ebbf7/184e264ef0b848928b4fc45d92604e13.jpg?imwidth=1800', FALSE, '2', '2025-11-26 16:57:15.464115', '2025-11-26 16:57:15.464115'),
    ('b1af2ee6-6a42-44b7-aec3-aa8fc5af48f6', 'fdf15f92-bdc9-4edd-ae4b-19aaaa337ce4', 'https://img01.ztat.net/article/spp-media-p1/c61704b0794144afac449007b6094966/12449b06c0d04e9583adcc9cfe9d7b34.jpg?imwidth=1800', FALSE, '3', '2025-11-26 16:57:15.464115', '2025-11-26 16:57:15.464115'),
    ('fed4b009-1be2-487a-a2f1-091c99fa4d45', 'fdf15f92-bdc9-4edd-ae4b-19aaaa337ce4', 'https://img01.ztat.net/article/spp-media-p1/dc190f0d0a57448699e86c73881391fe/4b1d1c00cc8c4d4183c5b010bf2413ec.jpg?imwidth=1800', FALSE, '4', '2025-11-26 16:57:15.464115', '2025-11-26 16:57:15.464115'),
    ('734028df-543d-4e18-819c-490f7bfb0c86', 'fdf15f92-bdc9-4edd-ae4b-19aaaa337ce4', 'https://img01.ztat.net/article/spp-media-p1/64f9e64b72fe4ffbabaa620816436caa/415c23d7a9b748c694e30b61a4dc1568.jpg?imwidth=1800', FALSE, '5', '2025-11-26 16:57:15.464115', '2025-11-26 16:57:15.464115');

INSERT INTO properties(id, category_id, name, unit, data_type, has_default_options, role)
VALUES
    ('05135e4c-4a1b-4b51-a246-009aa18edc30', '12b6162d-d503-429a-a688-c415f31a20e0', 'Memory (RAM)', NULL, 'NUMBER', 'TRUE', 'INFO'),
    ('2be7c2de-b0e2-46c5-a22e-0e753fccba08', '12b6162d-d503-429a-a688-c415f31a20e0', 'Device storage', NULL, 'NUMBER', 'TRUE', 'INFO'),
    ('acafdb8d-2aa1-42db-8e27-8448b1bd93f0', '12b6162d-d503-429a-a688-c415f31a20e0', 'Screen size range', NULL, 'TEXT', 'FALSE', 'INFO'),
    ('fa694a84-eab5-4256-a10a-111d6f5d920e', '172dc2b8-1014-4769-be52-89891fa1b902', 'Size', NULL, 'TEXT', 'TRUE', 'SELECTABLE'),
    ('25f9159a-fb61-426e-99b3-e478a3dd814b', '172dc2b8-1014-4769-be52-89891fa1b902', 'Color', NULL, 'TEXT', 'TRUE', 'SELECTABLE');

INSERT INTO default_property_options(id, property_id, value_text, value_decimal, value_boolean, value_date, display_text)
VALUES
    ('1e88a1dd-b089-4c71-a02a-12d1a2ab5148', 'acafdb8d-2aa1-42db-8e27-8448b1bd93f0', NULL, NULL, NULL, NULL, '4'' - 5'''),
    ('3887d27d-8890-4539-ae99-3f0bc5aca86d', 'acafdb8d-2aa1-42db-8e27-8448b1bd93f0', NULL, NULL, NULL, NULL, '5'' - 6'''),
    ('20e46be5-edc7-4554-807c-6e5167e29478', 'acafdb8d-2aa1-42db-8e27-8448b1bd93f0', NULL, NULL, NULL, NULL, '6'' - 7''');

INSERT INTO variant_properties(id, variant_id, property_id, value_text, value_decimal, value_boolean, value_date, display_text)
VALUES
    ('0bc9c208-2dde-4cec-93d7-a94383dfcee8', 'd3122666-5e06-4f1d-b319-99d60af6f948', '05135e4c-4a1b-4b51-a246-009aa18edc30', NULL, NULL, NULL, NULL, '8GB'),
    ('3b8d8f23-f24e-4083-ae79-3ac58fceb6f1', 'd3122666-5e06-4f1d-b319-99d60af6f948', '2be7c2de-b0e2-46c5-a22e-0e753fccba08', NULL, NULL, NULL, NULL, '256GB'),
    ('a5e979cf-52a0-4eda-8658-5e2a1903b40f', 'd3122666-5e06-4f1d-b319-99d60af6f948', '2be7c2de-b0e2-46c5-a22e-0e753fccba08', NULL, NULL, NULL, NULL, '6'' - 7'''),
    ('538ced09-d69f-476f-afff-790a9c41dcdf', 'cf4e52c8-11d0-44d9-b4a7-8f56dd829c0f', '05135e4c-4a1b-4b51-a246-009aa18edc30', NULL, NULL, NULL, NULL, '16GB'),
    ('9f31c392-e6da-4ebf-b7b5-b14f6db67df0', 'cf4e52c8-11d0-44d9-b4a7-8f56dd829c0f', '2be7c2de-b0e2-46c5-a22e-0e753fccba08', NULL, NULL, NULL, NULL, '512GB'),
    ('01060574-f169-4f65-9ab6-14802884874d', 'cf4e52c8-11d0-44d9-b4a7-8f56dd829c0f', 'acafdb8d-2aa1-42db-8e27-8448b1bd93f0', NULL, NULL, NULL, NULL, '6'' - 7'''),
    ('828d949b-8f7b-499f-93d4-5d4c8968a0b2', '6dd7a87a-6049-420e-887f-f766e35d0cc2', 'fa694a84-eab5-4256-a10a-111d6f5d920e', NULL, NULL, NULL, NULL, 'M'),
    ('6cfa6d25-6654-45d2-bc8a-ad8bc1ba0509', '6dd7a87a-6049-420e-887f-f766e35d0cc2', '25f9159a-fb61-426e-99b3-e478a3dd814b', NULL, NULL, NULL, NULL, 'Red'),
    ('35105b85-34cc-43f5-8f77-1fbab2ca4587', 'c8dba064-3e85-406f-8874-179032678865', 'fa694a84-eab5-4256-a10a-111d6f5d920e', NULL, NULL, NULL, NULL, 'L'),
    ('8ca72581-5db5-4238-a4cf-92a617ca675e', 'c8dba064-3e85-406f-8874-179032678865', '25f9159a-fb61-426e-99b3-e478a3dd814b', NULL, NULL, NULL, NULL, 'Red'),
    ('f2f799dd-d392-4e74-bbb1-bc4b98b77c27', 'ec090ceb-c793-4483-92af-22b7a18a00a1', 'fa694a84-eab5-4256-a10a-111d6f5d920e', NULL, NULL, NULL, NULL, 'XL'),
    ('90fc2624-40b5-4d87-9385-a1873755320e', 'ec090ceb-c793-4483-92af-22b7a18a00a1', '25f9159a-fb61-426e-99b3-e478a3dd814b', NULL, NULL, NULL, NULL, 'Red'),
    ('51535042-8763-4a07-bfb3-bf0b82b86012', '973daea0-3036-472f-af01-e891cb24414a', 'fa694a84-eab5-4256-a10a-111d6f5d920e', NULL, NULL, NULL, NULL, 'M'),
    ('84100916-e83f-4851-ad39-2c06376af7c3', '973daea0-3036-472f-af01-e891cb24414a', '25f9159a-fb61-426e-99b3-e478a3dd814b', NULL, NULL, NULL, NULL, 'Black'),
    ('67cb820f-5e0f-40f3-be81-5305088f905b', 'fdf15f92-bdc9-4edd-ae4b-19aaaa337ce4', 'fa694a84-eab5-4256-a10a-111d6f5d920e', NULL, NULL, NULL, NULL, 'L'),
    ('32641168-c958-47ca-b90f-11a13c81d2af', 'fdf15f92-bdc9-4edd-ae4b-19aaaa337ce4', '25f9159a-fb61-426e-99b3-e478a3dd814b', NULL, NULL, NULL, NULL, 'Black'),
    ('40e6868f-53cd-476e-b1d3-5a8db46c49d8', '049ada4d-0737-4547-a9af-ccc4b537897a', 'fa694a84-eab5-4256-a10a-111d6f5d920e', NULL, NULL, NULL, NULL, 'XL'),
    ('787e1c27-8b16-4557-9aab-8911ce92b733', '049ada4d-0737-4547-a9af-ccc4b537897a', '25f9159a-fb61-426e-99b3-e478a3dd814b', NULL, NULL, NULL, NULL, 'Black'),
    ('2ebbad7d-a070-497a-a53a-4db59abf53c0', '58f07a3e-6dff-4ab9-abb7-9c7d1b7c3e0a', 'fa694a84-eab5-4256-a10a-111d6f5d920e', NULL, NULL, NULL, NULL, 'M'),
    ('1a20f258-f2aa-403c-b889-4572531f80a4', '58f07a3e-6dff-4ab9-abb7-9c7d1b7c3e0a', '25f9159a-fb61-426e-99b3-e478a3dd814b', NULL, NULL, NULL, NULL, 'Blue'),
    ('2d5f7d43-7095-4870-83a0-fed854dd1f91', '71810f69-5675-43c5-8b9a-41ee0284b107', 'fa694a84-eab5-4256-a10a-111d6f5d920e', NULL, NULL, NULL, NULL, 'L'),
    ('00a6a4f7-2136-4a51-b512-39dc05e195a9', '71810f69-5675-43c5-8b9a-41ee0284b107', '25f9159a-fb61-426e-99b3-e478a3dd814b', NULL, NULL, NULL, NULL, 'Blue'),
    ('b24356c8-f259-41d1-b1f6-092469355121', '1550329c-30ca-4c52-a039-75dced4669ad', 'fa694a84-eab5-4256-a10a-111d6f5d920e', NULL, NULL, NULL, NULL, 'XL'),
    ('8bf443ce-8e77-424e-a7a0-9fa029b31195', '1550329c-30ca-4c52-a039-75dced4669ad', '25f9159a-fb61-426e-99b3-e478a3dd814b', NULL, NULL, NULL, NULL, 'Blue'),
    ('26bd67a1-dcca-4a44-b91d-7d336993b98a', '5c4a9e02-a105-4efe-a5c9-a743d50550f3', 'fa694a84-eab5-4256-a10a-111d6f5d920e', NULL, NULL, NULL, NULL, 'M'),
    ('e238e6b0-9708-4bb8-91ff-9500bdbed5c0', '5c4a9e02-a105-4efe-a5c9-a743d50550f3', '25f9159a-fb61-426e-99b3-e478a3dd814b', NULL, NULL, NULL, NULL, 'Red'),
    ('73e5d6be-c0c6-4997-beb9-7dea14c96cd7', '266d1e3e-6f6a-4758-bba8-f1548e56d74d', 'fa694a84-eab5-4256-a10a-111d6f5d920e', NULL, NULL, NULL, NULL, 'L'),
    ('6a842441-a65b-44be-bd9d-a80741cfd15e', '266d1e3e-6f6a-4758-bba8-f1548e56d74d', '25f9159a-fb61-426e-99b3-e478a3dd814b', NULL, NULL, NULL, NULL, 'Red'),
    ('c5209578-c4f1-410a-b9fc-8467b058780e', 'bf62e364-e7c1-4c7d-ae32-aaf0b4df4876', 'fa694a84-eab5-4256-a10a-111d6f5d920e', NULL, NULL, NULL, NULL, 'XL'),
    ('b3cb9b53-81c3-4b11-8ea4-3334533fe447', 'bf62e364-e7c1-4c7d-ae32-aaf0b4df4876', '25f9159a-fb61-426e-99b3-e478a3dd814b', NULL, NULL, NULL, NULL, 'Red'),
    ('08452260-0973-4eb2-866b-56b595f6a1fe', '006b6d65-3049-47ad-b582-308693438999', 'fa694a84-eab5-4256-a10a-111d6f5d920e', NULL, NULL, NULL, NULL, 'M'),
    ('389eb8fd-cd21-4412-b3f0-703ba8148906', '006b6d65-3049-47ad-b582-308693438999', '25f9159a-fb61-426e-99b3-e478a3dd814b', NULL, NULL, NULL, NULL, 'Black'),
    ('d64d5efe-7294-435e-a13b-77ac79459a23', 'b327a4b4-a921-42b9-94ac-93f643e41581', 'fa694a84-eab5-4256-a10a-111d6f5d920e', NULL, NULL, NULL, NULL, 'L'),
    ('580d0268-8a2c-417c-8593-72e8f3c35dff', 'b327a4b4-a921-42b9-94ac-93f643e41581', '25f9159a-fb61-426e-99b3-e478a3dd814b', NULL, NULL, NULL, NULL, 'Black'),
    ('6b1e30bd-0118-4d04-beae-eba9c8c0723a', 'e7aaa89e-5d32-45fe-8a8b-a204beb221df', 'fa694a84-eab5-4256-a10a-111d6f5d920e', NULL, NULL, NULL, NULL, 'XL'),
    ('41364065-773b-4d05-8672-581dceb38319', 'e7aaa89e-5d32-45fe-8a8b-a204beb221df', '25f9159a-fb61-426e-99b3-e478a3dd814b', NULL, NULL, NULL, NULL, 'Black'),
    ('18e4efeb-ad7c-433b-81eb-358676d75c5f', '3d9d747c-238a-4a6e-b6e6-e3d316865219', 'fa694a84-eab5-4256-a10a-111d6f5d920e', NULL, NULL, NULL, NULL, 'M'),
    ('7fc18556-6625-4cf8-883c-cf3e76c68ad3', '3d9d747c-238a-4a6e-b6e6-e3d316865219', '25f9159a-fb61-426e-99b3-e478a3dd814b', NULL, NULL, NULL, NULL, 'Blue'),
    ('97249c16-3cca-47a6-97b9-8219d920211b', '507bb4c0-f0fd-465e-9148-705c61669d6d', 'fa694a84-eab5-4256-a10a-111d6f5d920e', NULL, NULL, NULL, NULL, 'L'),
    ('09cdc6ca-d4aa-4865-b930-4253a1bd5f1a', '507bb4c0-f0fd-465e-9148-705c61669d6d', '25f9159a-fb61-426e-99b3-e478a3dd814b', NULL, NULL, NULL, NULL, 'Blue'),
    ('8be44fe1-0296-4bcf-b3c1-30b9cae88a1d', 'b1413c4a-2d88-4289-b2cd-38fc00a61f3f', 'fa694a84-eab5-4256-a10a-111d6f5d920e', NULL, NULL, NULL, NULL, 'XL'),
    ('05a14660-0624-4ae5-95d9-e903c17cb4aa', 'b1413c4a-2d88-4289-b2cd-38fc00a61f3f', '25f9159a-fb61-426e-99b3-e478a3dd814b', NULL, NULL, NULL, NULL, 'Blue');

