INSERT INTO categories(id, parent_category_id, name)
VALUES
    ('ab75ec53-ecd2-46bb-bb81-902c924ababb', NULL, 'Clothes'),
    ('ee1b8020-af35-4f30-9de9-c90910893496', NULL, 'Electronics'),
    ('95c80d62-ccaf-451d-a666-e4a38c982754', NULL, 'Books'),
    ('79e65e09-c8eb-4958-aace-962db1b9d02c', NULL, 'Beauty'),
    ('aec2cd0e-acf5-4d53-becd-9ddcc7f491ba', NULL, 'Sports'),
    ('7fffdb69-3639-4583-8b98-f234ba7f824e', NULL, 'Toys'),
    ('8f40e872-1130-4490-af78-b172db50cd85', NULL, 'Food');

INSERT INTO categories(id, parent_category_id, name)
VALUES
    ('07ae50f5-a47f-4948-a470-b8b926fc2995', 'ab75ec53-ecd2-46bb-bb81-902c924ababb', 'Man'),
    ('dc7d24bc-f2ef-4bed-95b5-599a59f82bde', 'ab75ec53-ecd2-46bb-bb81-902c924ababb', 'Woman'),
    ('ae777c4f-0ac8-4f48-a82d-53d6ba08bda5', 'ee1b8020-af35-4f30-9de9-c90910893496', 'Computers'),
    ('093ea820-e597-4ecf-ba65-0e3353b0f11b', 'ee1b8020-af35-4f30-9de9-c90910893496', 'Mobile Phones'),
    ('62005fc7-0355-4190-9728-93ccb22e74dd', 'ee1b8020-af35-4f30-9de9-c90910893496', 'Audio'),
    ('8a1f5005-6ec7-4466-bdb9-04ad71c4d95f', 'ee1b8020-af35-4f30-9de9-c90910893496', 'TV'),
    ('447b2b9e-8487-4687-86a2-f207bc6d018b', 'ee1b8020-af35-4f30-9de9-c90910893496', 'Smart Home'),
    ('cc0f4f70-b44d-4fe4-abfe-e48f4e75ca17', 'ee1b8020-af35-4f30-9de9-c90910893496', 'Drones'),
    ('4d901283-887b-4041-bbae-86798ebf0bdb', 'ee1b8020-af35-4f30-9de9-c90910893496', 'Networking & Wi-Fi Devices'),
    ('8350ccb6-423c-4a45-8b29-f5449e7d2512', 'ee1b8020-af35-4f30-9de9-c90910893496', 'Laptops'),
    ('a80957c3-c696-4f4b-8047-753c6f43a413', '79e65e09-c8eb-4958-aace-962db1b9d02c', 'Skincare'),
    ('cfc9bff3-0aa4-4ecb-ad05-4db6faf04b7f', '79e65e09-c8eb-4958-aace-962db1b9d02c', 'Makeup'),
    ('6a288d6d-8a8f-4dd9-b1f8-32cf1bfdf234', '79e65e09-c8eb-4958-aace-962db1b9d02c', 'Haircare'),
    ('2aa3a553-14f4-41b4-8ae6-2f02a69c6c8e', '79e65e09-c8eb-4958-aace-962db1b9d02c', 'Fragrance'),
    ('4c9a9959-8593-4572-8385-c273ff1cb040', '79e65e09-c8eb-4958-aace-962db1b9d02c', 'Nail Care'),
    ('83c4dc24-1f1f-4f6e-9a94-857e055eb4e8', '79e65e09-c8eb-4958-aace-962db1b9d02c', 'Bath & Body'),
    ('f389ea2f-58b2-4257-91fe-369d00fb64d3', 'aec2cd0e-acf5-4d53-becd-9ddcc7f491ba', 'Team Sports'),
    ('178350c7-1443-4f42-985b-852a68a692d3', 'aec2cd0e-acf5-4d53-becd-9ddcc7f491ba', 'Individual Sports'),
    ('1ecfc807-9e1d-491e-a6b5-ad3305e87d85', 'aec2cd0e-acf5-4d53-becd-9ddcc7f491ba', 'Fitness & Exercise'),
    ('b902223c-2323-40df-9c71-8a5f98f5dec6', 'aec2cd0e-acf5-4d53-becd-9ddcc7f491ba', 'Outdoor & Adventure'),
    ('a8318d4a-c9c0-4ba0-b67d-7732ec8dd39c', '7fffdb69-3639-4583-8b98-f234ba7f824e', 'Educational Toys'),
    ('a0ac9ea9-3cae-44f3-9e1a-19e7cf2053f0', '7fffdb69-3639-4583-8b98-f234ba7f824e', 'Electronics & Robotic Toys'),
    ('6c338b17-56d5-415c-bc4e-2f09521a46c4', '7fffdb69-3639-4583-8b98-f234ba7f824e', 'Game & Puzzles'),
    ('0cfc4d97-6e1d-4792-b1dd-e90e53b55899', '7fffdb69-3639-4583-8b98-f234ba7f824e', 'Building & Construction Toys');

INSERT INTO products(id, category_id, name, approximate_price, delivery_price, description, info)
VALUES
    ('360e0e09-ddec-4197-9a88-4495cfe57b4d', 'ab75ec53-ecd2-46bb-bb81-902c924ababb', 'The North Face QUEST - Kurtka przeciwdeszczowa', 399.0, 15.0, 'Dyscyplina sportowa. Piesze wędrówki i trekking, Alpinizm. Oddychające, wiatroszczelny, wodoszczelny. Polartec', NULL),
    ('31b039b6-7513-415a-a32b-2ef5de3a4f52', '093ea820-e597-4ecf-ba65-0e3353b0f11b', 'Xiaomi Redmi Note 14 6+128GB 6.67" 4G Midnight Black NFC EU', 529.99, 15.0, 'Product Information 6.67" AMOLED 120Hz Display: Smooth visuals and vibrant colors with peak brightness of 1800 nits. An immersive viewing experience. 108MP Rear Camera + 20MP Selfie Camera: Capture every detail with precision thanks to a professional aluminum camera system. MediaTek G99-Ultra Processor: Optimal power for gaming and multitasking without compromise, no NFC. 5500mAh Battery + 33W Fast Charging: Long-lasting battery life and ultra-fast charging to keep you connected. Premium Security and Sound: Built-in fingerprint sensor and dual Dolby speakers for a complete experience.', NULL),
    ('6ad766a4-b9c9-4e39-9a03-f7e729cb157a', '8350ccb6-423c-4a45-8b29-f5449e7d2512', 'APPLE MacBook Air 13'' M4', 4199.0, 15.0, 'Speed. Lightness. Freedom – The MacBook Air with the M4 chip excels at work and play. With up to 18 hours* of battery life and an incredibly portable design, you can tackle any task anywhere. Turbocharged with the M4 Chip – The Apple M4 chip delivers even greater speed and smoothness in everything you do, from multitasking and video editing to playing graphically demanding games. Up to 18 Hours of Battery Life – The MacBook Air is incredibly efficient whether on battery power or plugged in*. Stunning Display – The 13.6-inch Liquid Retina display supports a billion colors*. Photos and videos impress with contrast and detail, while text is exceptionally sharp. Looks and Sounds Amazing – Thanks to the 12MP Center Stage camera, three microphones, and four speakers with spatial audio, everything looks and sounds fantastic. Plenty of Connections – The MacBook Air features two Thunderbolt 4 ports, a MagSafe charging port, a headphone jack, and Wi‑Fi 6E* and Bluetooth 5.3. You can even connect up to two external displays. Apps Fly in macOS – Your favorite apps, including Microsoft 365 Copilot, Adobe Creative Cloud, and Google Workspace, run faster than ever in macOS*. iPhone Lovers Will Love Mac – Mac works seamlessly with all Apple devices. Copy something on your iPhone and paste it on your Mac. Send a message from Mac or answer a FaceTime call*.', NULL),
    ('3824e693-c838-4a5f-bfee-d08d1d7c9c55', 'ab75ec53-ecd2-46bb-bb81-902c924ababb', 'U.S. Polo Assn. - Bluza', 175.0, 15.0, 'Najniższa cena w okresie 30 dni przed obniżką: 214,99 zł -19%', NULL);

INSERT INTO variants(id, product_id, price, stock_quantity, additional_properties, description, created_at, updated_at)
VALUES
    ('5251f3cc-a983-4058-bf1f-bcdea224917b', '360e0e09-ddec-4197-9a88-4495cfe57b4d', 399.0, 30, NULL, '', '2025-11-26 19:34:28.850629', '2025-11-26 19:34:28.850629'),
    ('2192857e-d4a7-4164-b7bc-61842f374433', '360e0e09-ddec-4197-9a88-4495cfe57b4d', 399.0, 1, NULL, '', '2025-11-26 19:34:28.850629', '2025-11-26 19:34:28.850629'),
    ('86914cca-64a4-4a91-975a-91dddc42050e', '360e0e09-ddec-4197-9a88-4495cfe57b4d', 399.0, 38, NULL, '', '2025-11-26 19:34:28.850629', '2025-11-26 19:34:28.850629'),
    ('0651879e-302b-4358-a70a-291806d70f5f', '360e0e09-ddec-4197-9a88-4495cfe57b4d', 399.0, 5, NULL, '', '2025-11-26 19:34:28.850629', '2025-11-26 19:34:28.850629'),
    ('850ea3f4-069e-4546-955e-faa804b8ad07', '360e0e09-ddec-4197-9a88-4495cfe57b4d', 399.0, 44, NULL, '', '2025-11-26 19:34:28.850629', '2025-11-26 19:34:28.850629'),
    ('febf44f8-2847-4074-9c21-95fb62f7f257', '360e0e09-ddec-4197-9a88-4495cfe57b4d', 399.0, 19, NULL, '', '2025-11-26 19:34:28.850629', '2025-11-26 19:34:28.850629'),
    ('c5ddd7c4-ce10-4c8f-aeb7-80fce3a4786c', '360e0e09-ddec-4197-9a88-4495cfe57b4d', 399.0, 43, NULL, '', '2025-11-26 19:34:28.850629', '2025-11-26 19:34:28.850629'),
    ('e7d44e4f-967e-4d58-83cb-c47b15232f4d', '360e0e09-ddec-4197-9a88-4495cfe57b4d', 399.0, 35, NULL, '', '2025-11-26 19:34:28.850629', '2025-11-26 19:34:28.850629'),
    ('62df4102-37c6-4b6d-bc1c-9183e74b4a62', '360e0e09-ddec-4197-9a88-4495cfe57b4d', 399.0, 47, NULL, '', '2025-11-26 19:34:28.850629', '2025-11-26 19:34:28.850629'),
    ('b031d85c-7f0a-4e93-9339-ae4edee34334', '31b039b6-7513-415a-a32b-2ef5de3a4f52', 439.99, 20, NULL, '', '2025-11-26 19:34:28.850629', '2025-11-26 19:34:28.850629'),
    ('dffc947f-f50f-4ca2-accd-0678a9790b9f', '31b039b6-7513-415a-a32b-2ef5de3a4f52', 619.99, 33, NULL, '', '2025-11-26 19:34:28.850629', '2025-11-26 19:34:28.850629'),
    ('d442ade3-cc0f-4933-a0f2-6fef0c6f7c83', '6ad766a4-b9c9-4e39-9a03-f7e729cb157a', 3799.0, 48, NULL, '', '2025-11-26 19:34:28.850629', '2025-11-26 19:34:28.850629'),
    ('afbc2a49-1267-4be2-a514-5893752c8ae2', '6ad766a4-b9c9-4e39-9a03-f7e729cb157a', 3899.0, 18, NULL, '', '2025-11-26 19:34:28.850629', '2025-11-26 19:34:28.850629'),
    ('d62cbc8b-3f6d-42d6-969c-20e31957caba', '6ad766a4-b9c9-4e39-9a03-f7e729cb157a', 4599.0, 4, NULL, '', '2025-11-26 19:34:28.850629', '2025-11-26 19:34:28.850629'),
    ('f5e0e158-fab6-43bc-9504-7ad2a153e91b', '3824e693-c838-4a5f-bfee-d08d1d7c9c55', 175.0, 12, NULL, '', '2025-11-26 19:34:28.850629', '2025-11-26 19:34:28.850629'),
    ('2146a731-8228-4be4-935c-523b325f8473', '3824e693-c838-4a5f-bfee-d08d1d7c9c55', 175.0, 38, NULL, '', '2025-11-26 19:34:28.850629', '2025-11-26 19:34:28.850629'),
    ('76f56907-cc8b-4235-8091-a2e33fc021dc', '3824e693-c838-4a5f-bfee-d08d1d7c9c55', 175.0, 40, NULL, '', '2025-11-26 19:34:28.850629', '2025-11-26 19:34:28.850629'),
    ('fe903292-b7ca-45a0-8f2f-9779c3a76ab3', '3824e693-c838-4a5f-bfee-d08d1d7c9c55', 175.0, 17, NULL, '', '2025-11-26 19:34:28.850629', '2025-11-26 19:34:28.850629'),
    ('6a6d2a19-681a-45ba-b135-623134f8533d', '3824e693-c838-4a5f-bfee-d08d1d7c9c55', 175.0, 34, NULL, '', '2025-11-26 19:34:28.850629', '2025-11-26 19:34:28.850629'),
    ('d1e3e4b1-4f13-4a61-89b7-214fd39d9421', '3824e693-c838-4a5f-bfee-d08d1d7c9c55', 175.0, 29, NULL, '', '2025-11-26 19:34:28.850629', '2025-11-26 19:34:28.850629'),
    ('c5600f4c-df6c-4f0c-b676-9d14e9c97ba2', '3824e693-c838-4a5f-bfee-d08d1d7c9c55', 175.0, 19, NULL, '', '2025-11-26 19:34:28.850629', '2025-11-26 19:34:28.850629'),
    ('60f91bc1-7fd0-46b5-8718-d754c1fdff01', '3824e693-c838-4a5f-bfee-d08d1d7c9c55', 175.0, 10, NULL, '', '2025-11-26 19:34:28.850629', '2025-11-26 19:34:28.850629'),
    ('5ca0233d-3047-49b0-aae8-390bb5cedb15', '3824e693-c838-4a5f-bfee-d08d1d7c9c55', 175.0, 30, NULL, '', '2025-11-26 19:34:28.850629', '2025-11-26 19:34:28.850629');

INSERT INTO categories(id, parent_category_id, name)
VALUES
    ('b20767be-161c-4ce9-b8d1-c1b1a635b6ba', 'ab75ec53-ecd2-46bb-bb81-902c924ababb', 'Man'),
    ('c3c0e652-2e28-4569-b49c-3ef55fe4c9b8', 'ab75ec53-ecd2-46bb-bb81-902c924ababb', 'Woman'),
    ('ddd3ea47-b982-4086-883e-bbb1976ae51e', 'ee1b8020-af35-4f30-9de9-c90910893496', 'Computers'),
    ('26b8024e-dfae-45fc-b22f-955b36cf53ac', 'ee1b8020-af35-4f30-9de9-c90910893496', 'Mobile Phones'),
    ('8ce25024-59e1-4183-a555-1b698ca9e99e', 'ee1b8020-af35-4f30-9de9-c90910893496', 'Audio'),
    ('cabedbef-3c43-42ff-bbeb-1ffc89bae081', 'ee1b8020-af35-4f30-9de9-c90910893496', 'TV'),
    ('78404a9d-57a9-470a-849d-f12ab3a2606d', 'ee1b8020-af35-4f30-9de9-c90910893496', 'Smart Home'),
    ('0860c163-0af4-48ff-832c-4bda1442d1b5', 'ee1b8020-af35-4f30-9de9-c90910893496', 'Drones'),
    ('5308988d-f213-477e-84a0-3a8760beb42a', 'ee1b8020-af35-4f30-9de9-c90910893496', 'Networking & Wi-Fi Devices'),
    ('de562f8c-2d43-46ec-bddf-51a8423f532c', 'ee1b8020-af35-4f30-9de9-c90910893496', 'Laptops'),
    ('4ef51f79-b23e-4585-9f5a-36883668ed1f', '79e65e09-c8eb-4958-aace-962db1b9d02c', 'Skincare'),
    ('c4f87ff3-e124-4fc7-ad06-1d72c7c746fc', '79e65e09-c8eb-4958-aace-962db1b9d02c', 'Makeup'),
    ('86fbbd0f-828c-4ced-a383-e74f211f64cb', '79e65e09-c8eb-4958-aace-962db1b9d02c', 'Haircare'),
    ('1ba14226-0af3-48d7-b364-4c6964bd1114', '79e65e09-c8eb-4958-aace-962db1b9d02c', 'Fragrance'),
    ('0effda37-e70b-4e52-9432-6db9c59ddbf7', '79e65e09-c8eb-4958-aace-962db1b9d02c', 'Nail Care'),
    ('33fa672d-8e5d-4d55-a1bb-f6ad0fa8f438', '79e65e09-c8eb-4958-aace-962db1b9d02c', 'Bath & Body'),
    ('b7f52d72-603c-4047-96e6-c7d513dfc5da', 'aec2cd0e-acf5-4d53-becd-9ddcc7f491ba', 'Team Sports'),
    ('1bfd7a37-f513-4661-bb49-e13a03282c56', 'aec2cd0e-acf5-4d53-becd-9ddcc7f491ba', 'Individual Sports'),
    ('f475c7ab-77e4-4ed3-a4b5-7163ff965d0b', 'aec2cd0e-acf5-4d53-becd-9ddcc7f491ba', 'Fitness & Exercise'),
    ('1b5e1f20-ce78-4938-8ca6-75742efbf94f', 'aec2cd0e-acf5-4d53-becd-9ddcc7f491ba', 'Outdoor & Adventure'),
    ('59afe3a9-8532-4aff-a658-2602541d3bec', '7fffdb69-3639-4583-8b98-f234ba7f824e', 'Educational Toys'),
    ('5cc480f4-934b-4711-96ac-5212f2ac3ede', '7fffdb69-3639-4583-8b98-f234ba7f824e', 'Electronics & Robotic Toys'),
    ('cc615ef4-beef-4c6e-a4e7-b496d0f5ce5d', '7fffdb69-3639-4583-8b98-f234ba7f824e', 'Game & Puzzles'),
    ('ded4368c-e32d-4d87-b49f-b442b954761e', '7fffdb69-3639-4583-8b98-f234ba7f824e', 'Building & Construction Toys');

INSERT INTO variant_images(id, variant_id, url, is_main, position, created_at, updated_at)
VALUES
    ('8d8fd3ee-26b4-4522-9cd3-f64e90a77d36', 'b031d85c-7f0a-4e93-9339-ae4edee34334', 'https://m.media-amazon.com/images/I/81JrYIgLUlL._AC_SL1500_.jpg', TRUE, '1', '2025-11-26 19:34:28.929587', '2025-11-26 19:34:28.929587'),
    ('0ce2fdaa-d5ab-4adf-a023-8eb9d53203d4', 'b031d85c-7f0a-4e93-9339-ae4edee34334', 'https://m.media-amazon.com/images/I/71Z2W+g46ML._AC_SL1500_.jpg', FALSE, '2', '2025-11-26 19:34:28.929587', '2025-11-26 19:34:28.929587'),
    ('07716eb8-b87a-44ee-b0ea-a2e8d1dc4121', 'b031d85c-7f0a-4e93-9339-ae4edee34334', 'https://m.media-amazon.com/images/I/615sM+fd2RL._AC_SL1500_.jpg', FALSE, '3', '2025-11-26 19:34:28.929587', '2025-11-26 19:34:28.929587'),
    ('68ba67f1-7c94-43aa-805a-85b1de2d4aa0', 'b031d85c-7f0a-4e93-9339-ae4edee34334', 'https://m.media-amazon.com/images/I/71X+OKuItVL._AC_SL1500_.jpg', FALSE, '4', '2025-11-26 19:34:28.930590', '2025-11-26 19:34:28.930590'),
    ('f0737246-6866-48b6-b33b-b370cc731bd0', 'dffc947f-f50f-4ca2-accd-0678a9790b9f', 'https://m.media-amazon.com/images/I/81JrYIgLUlL._AC_SL1500_.jpg', TRUE, '1', '2025-11-26 19:34:28.930590', '2025-11-26 19:34:28.930590'),
    ('db42ae33-382c-402e-8d93-6efc98d8933f', 'dffc947f-f50f-4ca2-accd-0678a9790b9f', 'https://m.media-amazon.com/images/I/71Z2W+g46ML._AC_SL1500_.jpg', FALSE, '2', '2025-11-26 19:34:28.930590', '2025-11-26 19:34:28.930590'),
    ('cd0113ee-e92e-4446-b449-ffe3efb36285', 'dffc947f-f50f-4ca2-accd-0678a9790b9f', 'https://m.media-amazon.com/images/I/615sM+fd2RL._AC_SL1500_.jpg', FALSE, '3', '2025-11-26 19:34:28.930590', '2025-11-26 19:34:28.930590'),
    ('60cd87e1-55b7-4486-b890-a8c8488863b1', 'dffc947f-f50f-4ca2-accd-0678a9790b9f', 'https://m.media-amazon.com/images/I/71X+OKuItVL._AC_SL1500_.jpg', FALSE, '4', '2025-11-26 19:34:28.930590', '2025-11-26 19:34:28.930590'),
    ('142775da-3ca3-426f-ba1a-5d362f6a8265', 'd442ade3-cc0f-4933-a0f2-6fef0c6f7c83', 'https://m.media-amazon.com/images/I/71X+OKuItVL._AC_SL1500_.jpg', TRUE, '1', '2025-11-26 19:34:28.930590', '2025-11-26 19:34:28.930590'),
    ('dee0d0af-c4f8-45db-9e31-f2a5911e583f', 'd442ade3-cc0f-4933-a0f2-6fef0c6f7c83', 'https://m.media-amazon.com/images/I/61w7pG1uOAL._AC_SL1500_.jpg', FALSE, '2', '2025-11-26 19:34:28.930590', '2025-11-26 19:34:28.930590'),
    ('b1084941-a6e6-4bb1-be21-78049069cc9b', 'd442ade3-cc0f-4933-a0f2-6fef0c6f7c83', 'https://m.media-amazon.com/images/I/61wJeelYVaL._AC_SL1500_.jpg', FALSE, '3', '2025-11-26 19:34:28.930590', '2025-11-26 19:34:28.930590'),
    ('e062f5d4-e79a-46ea-a425-790b6b1ee487', 'd442ade3-cc0f-4933-a0f2-6fef0c6f7c83', 'https://m.media-amazon.com/images/I/81CpDU8Aw6L._AC_SL1500_.jpg', FALSE, '4', '2025-11-26 19:34:28.930590', '2025-11-26 19:34:28.930590'),
    ('83d64eff-8e5b-4cd6-91cd-942b1916eb71', 'afbc2a49-1267-4be2-a514-5893752c8ae2', 'https://m.media-amazon.com/images/I/71X+OKuItVL._AC_SL1500_.jpg', TRUE, '1', '2025-11-26 19:34:28.930590', '2025-11-26 19:34:28.930590'),
    ('acf31aea-eb0b-4b3a-9fd6-4336edce6741', 'afbc2a49-1267-4be2-a514-5893752c8ae2', 'https://m.media-amazon.com/images/I/61w7pG1uOAL._AC_SL1500_.jpg', FALSE, '2', '2025-11-26 19:34:28.930590', '2025-11-26 19:34:28.930590'),
    ('83180cc3-73fc-4970-8419-cde6e9408a7b', 'afbc2a49-1267-4be2-a514-5893752c8ae2', 'https://m.media-amazon.com/images/I/61wJeelYVaL._AC_SL1500_.jpg', FALSE, '3', '2025-11-26 19:34:28.930590', '2025-11-26 19:34:28.930590'),
    ('23c70740-d038-4b8b-b342-d8e21572be89', 'afbc2a49-1267-4be2-a514-5893752c8ae2', 'https://m.media-amazon.com/images/I/81CpDU8Aw6L._AC_SL1500_.jpg', FALSE, '4', '2025-11-26 19:34:28.930590', '2025-11-26 19:34:28.930590'),
    ('b6660d71-b81e-4d88-933e-5a44118ae9de', '5251f3cc-a983-4058-bf1f-bcdea224917b', 'https://img01.ztat.net/article/spp-media-p1/e7d5535687874a518997522421231596/083a79b5507d44b0ba37460bf7169961.jpg?imwidth=1800', TRUE, '1', '2025-11-26 19:34:28.930590', '2025-11-26 19:34:28.930590'),
    ('c57e5fab-6fcf-4c12-8e56-79f4404f5bec', '5251f3cc-a983-4058-bf1f-bcdea224917b', 'https://img01.ztat.net/article/spp-media-p1/1f4a7b35647145aa83949357c38ebbf7/184e264ef0b848928b4fc45d92604e13.jpg?imwidth=1800', FALSE, '2', '2025-11-26 19:34:28.930590', '2025-11-26 19:34:28.930590'),
    ('3a7beee7-472d-4cde-94a5-c44c715553d5', '5251f3cc-a983-4058-bf1f-bcdea224917b', 'https://img01.ztat.net/article/spp-media-p1/c61704b0794144afac449007b6094966/12449b06c0d04e9583adcc9cfe9d7b34.jpg?imwidth=1800', FALSE, '3', '2025-11-26 19:34:28.930590', '2025-11-26 19:34:28.930590'),
    ('fc12db00-da62-4b05-8ebd-89a6acec48ef', '5251f3cc-a983-4058-bf1f-bcdea224917b', 'https://img01.ztat.net/article/spp-media-p1/dc190f0d0a57448699e86c73881391fe/4b1d1c00cc8c4d4183c5b010bf2413ec.jpg?imwidth=1800', FALSE, '4', '2025-11-26 19:34:28.930590', '2025-11-26 19:34:28.930590'),
    ('e8a7d06a-935d-499d-ab32-bade89143dff', '5251f3cc-a983-4058-bf1f-bcdea224917b', 'https://img01.ztat.net/article/spp-media-p1/64f9e64b72fe4ffbabaa620816436caa/415c23d7a9b748c694e30b61a4dc1568.jpg?imwidth=1800', FALSE, '5', '2025-11-26 19:34:28.930590', '2025-11-26 19:34:28.930590'),
    ('327d4c47-5691-4232-8584-cc27f50593ac', '2192857e-d4a7-4164-b7bc-61842f374433', 'https://img01.ztat.net/article/spp-media-p1/e7d5535687874a518997522421231596/083a79b5507d44b0ba37460bf7169961.jpg?imwidth=1800', TRUE, '1', '2025-11-26 19:34:28.930590', '2025-11-26 19:34:28.930590'),
    ('9b079514-015b-4688-b629-82b8309ba02f', '2192857e-d4a7-4164-b7bc-61842f374433', 'https://img01.ztat.net/article/spp-media-p1/1f4a7b35647145aa83949357c38ebbf7/184e264ef0b848928b4fc45d92604e13.jpg?imwidth=1800', FALSE, '2', '2025-11-26 19:34:28.930590', '2025-11-26 19:34:28.930590'),
    ('d0130d48-3f29-4ee2-8bcc-4fc49c7f0712', '2192857e-d4a7-4164-b7bc-61842f374433', 'https://img01.ztat.net/article/spp-media-p1/c61704b0794144afac449007b6094966/12449b06c0d04e9583adcc9cfe9d7b34.jpg?imwidth=1800', FALSE, '3', '2025-11-26 19:34:28.930590', '2025-11-26 19:34:28.930590'),
    ('b4b3f9f1-f720-4d27-907b-68e2a60bacc1', '2192857e-d4a7-4164-b7bc-61842f374433', 'https://img01.ztat.net/article/spp-media-p1/dc190f0d0a57448699e86c73881391fe/4b1d1c00cc8c4d4183c5b010bf2413ec.jpg?imwidth=1800', FALSE, '4', '2025-11-26 19:34:28.930590', '2025-11-26 19:34:28.930590'),
    ('1a07968a-57c9-46c9-abc1-945b45b29a59', '2192857e-d4a7-4164-b7bc-61842f374433', 'https://img01.ztat.net/article/spp-media-p1/64f9e64b72fe4ffbabaa620816436caa/415c23d7a9b748c694e30b61a4dc1568.jpg?imwidth=1800', FALSE, '5', '2025-11-26 19:34:28.930590', '2025-11-26 19:34:28.930590'),
    ('6d4fb10b-829a-42d8-9787-7d416107bb87', '86914cca-64a4-4a91-975a-91dddc42050e', 'https://img01.ztat.net/article/spp-media-p1/e7d5535687874a518997522421231596/083a79b5507d44b0ba37460bf7169961.jpg?imwidth=1800', TRUE, '1', '2025-11-26 19:34:28.930590', '2025-11-26 19:34:28.930590'),
    ('c23b0e2f-ab9a-468b-8ebe-eda618a10e5a', '86914cca-64a4-4a91-975a-91dddc42050e', 'https://img01.ztat.net/article/spp-media-p1/1f4a7b35647145aa83949357c38ebbf7/184e264ef0b848928b4fc45d92604e13.jpg?imwidth=1800', FALSE, '2', '2025-11-26 19:34:28.930590', '2025-11-26 19:34:28.930590'),
    ('7fb80414-cdd1-4f4e-882f-73cdd22d3839', '86914cca-64a4-4a91-975a-91dddc42050e', 'https://img01.ztat.net/article/spp-media-p1/c61704b0794144afac449007b6094966/12449b06c0d04e9583adcc9cfe9d7b34.jpg?imwidth=1800', FALSE, '3', '2025-11-26 19:34:28.930590', '2025-11-26 19:34:28.930590'),
    ('90cc973d-8811-4cb3-ba9e-77b54445ce36', '86914cca-64a4-4a91-975a-91dddc42050e', 'https://img01.ztat.net/article/spp-media-p1/dc190f0d0a57448699e86c73881391fe/4b1d1c00cc8c4d4183c5b010bf2413ec.jpg?imwidth=1800', FALSE, '4', '2025-11-26 19:34:28.930590', '2025-11-26 19:34:28.930590'),
    ('5de5e0a3-74d4-44b1-a957-2b9603511d85', '86914cca-64a4-4a91-975a-91dddc42050e', 'https://img01.ztat.net/article/spp-media-p1/64f9e64b72fe4ffbabaa620816436caa/415c23d7a9b748c694e30b61a4dc1568.jpg?imwidth=1800', FALSE, '5', '2025-11-26 19:34:28.930590', '2025-11-26 19:34:28.930590'),
    ('3697f80b-aed7-46c2-9a1d-1575acde8c6f', '0651879e-302b-4358-a70a-291806d70f5f', 'https://img01.ztat.net/article/spp-media-p1/e7d5535687874a518997522421231596/083a79b5507d44b0ba37460bf7169961.jpg?imwidth=1800', TRUE, '1', '2025-11-26 19:34:28.930590', '2025-11-26 19:34:28.930590'),
    ('3153d644-cd6a-4261-9fda-1e7641b89ce6', '0651879e-302b-4358-a70a-291806d70f5f', 'https://img01.ztat.net/article/spp-media-p1/1f4a7b35647145aa83949357c38ebbf7/184e264ef0b848928b4fc45d92604e13.jpg?imwidth=1800', FALSE, '2', '2025-11-26 19:34:28.930590', '2025-11-26 19:34:28.930590'),
    ('e7074213-bde1-4d62-a2e6-c4b778351671', '0651879e-302b-4358-a70a-291806d70f5f', 'https://img01.ztat.net/article/spp-media-p1/c61704b0794144afac449007b6094966/12449b06c0d04e9583adcc9cfe9d7b34.jpg?imwidth=1800', FALSE, '3', '2025-11-26 19:34:28.930590', '2025-11-26 19:34:28.930590'),
    ('b37914a2-ecc6-413f-9130-431640b2765f', '0651879e-302b-4358-a70a-291806d70f5f', 'https://img01.ztat.net/article/spp-media-p1/dc190f0d0a57448699e86c73881391fe/4b1d1c00cc8c4d4183c5b010bf2413ec.jpg?imwidth=1800', FALSE, '4', '2025-11-26 19:34:28.930590', '2025-11-26 19:34:28.930590'),
    ('da1f711f-c48e-47bb-99e3-91c836126aed', '0651879e-302b-4358-a70a-291806d70f5f', 'https://img01.ztat.net/article/spp-media-p1/64f9e64b72fe4ffbabaa620816436caa/415c23d7a9b748c694e30b61a4dc1568.jpg?imwidth=1800', FALSE, '5', '2025-11-26 19:34:28.930590', '2025-11-26 19:34:28.930590'),
    ('16a8726b-f53c-4753-b577-14a200c4d50e', '850ea3f4-069e-4546-955e-faa804b8ad07', 'https://img01.ztat.net/article/spp-media-p1/e7d5535687874a518997522421231596/083a79b5507d44b0ba37460bf7169961.jpg?imwidth=1800', TRUE, '1', '2025-11-26 19:34:28.930590', '2025-11-26 19:34:28.930590'),
    ('dad9dded-091c-41b4-be53-848037952317', '850ea3f4-069e-4546-955e-faa804b8ad07', 'https://img01.ztat.net/article/spp-media-p1/1f4a7b35647145aa83949357c38ebbf7/184e264ef0b848928b4fc45d92604e13.jpg?imwidth=1800', FALSE, '2', '2025-11-26 19:34:28.930590', '2025-11-26 19:34:28.930590'),
    ('b4348856-9af0-4e03-a67d-484abcd77509', '850ea3f4-069e-4546-955e-faa804b8ad07', 'https://img01.ztat.net/article/spp-media-p1/c61704b0794144afac449007b6094966/12449b06c0d04e9583adcc9cfe9d7b34.jpg?imwidth=1800', FALSE, '3', '2025-11-26 19:34:28.930590', '2025-11-26 19:34:28.930590'),
    ('583d6645-5f86-40fb-9809-a51af7e3965d', '850ea3f4-069e-4546-955e-faa804b8ad07', 'https://img01.ztat.net/article/spp-media-p1/dc190f0d0a57448699e86c73881391fe/4b1d1c00cc8c4d4183c5b010bf2413ec.jpg?imwidth=1800', FALSE, '4', '2025-11-26 19:34:28.930590', '2025-11-26 19:34:28.930590'),
    ('5a4ce6fc-c17e-4e64-9f9a-89d10d22ab03', '850ea3f4-069e-4546-955e-faa804b8ad07', 'https://img01.ztat.net/article/spp-media-p1/64f9e64b72fe4ffbabaa620816436caa/415c23d7a9b748c694e30b61a4dc1568.jpg?imwidth=1800', FALSE, '5', '2025-11-26 19:34:28.930590', '2025-11-26 19:34:28.930590');

INSERT INTO properties(id, category_id, name, unit, data_type, has_default_options, role)
VALUES
    ('7142dddf-f94b-42fd-8517-384fc0a6c0a9', '26b8024e-dfae-45fc-b22f-955b36cf53ac', 'Memory (RAM)', NULL, 'NUMBER', 'TRUE', 'INFO'),
    ('c07e5d3f-464c-4d9a-b4e2-ff784045ca88', '26b8024e-dfae-45fc-b22f-955b36cf53ac', 'Device storage', NULL, 'NUMBER', 'TRUE', 'INFO'),
    ('aaf0871f-0d26-4c9b-bf8d-f65466c45cb2', '26b8024e-dfae-45fc-b22f-955b36cf53ac', 'Screen size range', NULL, 'TEXT', 'FALSE', 'INFO'),
    ('0e06f5d2-71ac-4df2-b323-de8a116dc0b8', 'ab75ec53-ecd2-46bb-bb81-902c924ababb', 'Size', NULL, 'TEXT', 'TRUE', 'SELECTABLE'),
    ('c6c7b30a-6049-45de-b9eb-331f1aa31c89', 'ab75ec53-ecd2-46bb-bb81-902c924ababb', 'Color', NULL, 'TEXT', 'TRUE', 'SELECTABLE');

INSERT INTO default_property_options(id, property_id, value_text, value_decimal, value_boolean, value_date, display_text)
VALUES
    ('ae9aec3e-3f2a-4ad9-b199-030167f12337', 'aaf0871f-0d26-4c9b-bf8d-f65466c45cb2', NULL, NULL, NULL, NULL, '4'' - 5'''),
    ('a78b33c8-352a-4f62-a219-b85ce209b251', 'aaf0871f-0d26-4c9b-bf8d-f65466c45cb2', NULL, NULL, NULL, NULL, '5'' - 6'''),
    ('7292e811-6cd5-41ec-843b-f9140e49cd0a', 'aaf0871f-0d26-4c9b-bf8d-f65466c45cb2', NULL, NULL, NULL, NULL, '6'' - 7'''),
    ('fb3506db-c1c0-45d5-9ffe-702662bf8b9c', '0e06f5d2-71ac-4df2-b323-de8a116dc0b8', NULL, NULL, NULL, NULL, 'M'),
    ('eee0ab18-1209-4ae7-8f08-56929e8102c2', '0e06f5d2-71ac-4df2-b323-de8a116dc0b8', NULL, NULL, NULL, NULL, 'L'),
    ('36550077-2b55-4850-8fe3-205f1c934c9c', '0e06f5d2-71ac-4df2-b323-de8a116dc0b8', NULL, NULL, NULL, NULL, 'XL'),
    ('f70cd671-63a2-4729-92d8-b9dace5a3b4c', 'c6c7b30a-6049-45de-b9eb-331f1aa31c89', NULL, NULL, NULL, NULL, 'Red'),
    ('e84ae3e4-dcc6-45df-b90b-3d75422be193', 'c6c7b30a-6049-45de-b9eb-331f1aa31c89', NULL, NULL, NULL, NULL, 'Black'),
    ('a2807214-6853-46a1-806f-54be5cb91cc2', 'c6c7b30a-6049-45de-b9eb-331f1aa31c89', NULL, NULL, NULL, NULL, 'Blue');

INSERT INTO variant_properties(id, variant_id, property_id, value_text, value_decimal, value_boolean, value_date, display_text)
VALUES
    ('3a4e31ac-f3c8-40cb-90be-dcc2969a9b0d', 'b031d85c-7f0a-4e93-9339-ae4edee34334', '7142dddf-f94b-42fd-8517-384fc0a6c0a9', NULL, NULL, NULL, NULL, '8GB'),
    ('26e03790-e292-4d5b-89e8-a0388b2aaf78', 'b031d85c-7f0a-4e93-9339-ae4edee34334', 'c07e5d3f-464c-4d9a-b4e2-ff784045ca88', NULL, NULL, NULL, NULL, '256GB'),
    ('4c467d9b-2050-4863-8eb5-1d02852479b0', 'b031d85c-7f0a-4e93-9339-ae4edee34334', 'c07e5d3f-464c-4d9a-b4e2-ff784045ca88', NULL, NULL, NULL, NULL, '6'' - 7'''),
    ('8ee1af35-6ccf-49c4-9898-dd3313ed7a4e', 'dffc947f-f50f-4ca2-accd-0678a9790b9f', '7142dddf-f94b-42fd-8517-384fc0a6c0a9', NULL, NULL, NULL, NULL, '16GB'),
    ('d857e0d5-c3aa-4fb8-a73d-671920df02ea', 'dffc947f-f50f-4ca2-accd-0678a9790b9f', 'c07e5d3f-464c-4d9a-b4e2-ff784045ca88', NULL, NULL, NULL, NULL, '512GB'),
    ('33814f63-b865-4bfa-a7ba-6f06de72521f', 'dffc947f-f50f-4ca2-accd-0678a9790b9f', 'aaf0871f-0d26-4c9b-bf8d-f65466c45cb2', NULL, NULL, NULL, NULL, '6'' - 7'''),
    ('d497fed8-f806-42c4-b10c-08fb878afa80', '5251f3cc-a983-4058-bf1f-bcdea224917b', '0e06f5d2-71ac-4df2-b323-de8a116dc0b8', NULL, NULL, NULL, NULL, 'M'),
    ('b29235cd-0e6a-44cf-87b7-356fda0807e4', '5251f3cc-a983-4058-bf1f-bcdea224917b', 'c6c7b30a-6049-45de-b9eb-331f1aa31c89', NULL, NULL, NULL, NULL, 'Red'),
    ('7b9948c7-8c26-4156-803d-120a91064518', '2192857e-d4a7-4164-b7bc-61842f374433', '0e06f5d2-71ac-4df2-b323-de8a116dc0b8', NULL, NULL, NULL, NULL, 'L'),
    ('175c3a6f-ca2e-4d3b-aaa9-451d8c4a9cd4', '2192857e-d4a7-4164-b7bc-61842f374433', 'c6c7b30a-6049-45de-b9eb-331f1aa31c89', NULL, NULL, NULL, NULL, 'Red'),
    ('534bee16-8571-4c66-94b3-520871727233', '86914cca-64a4-4a91-975a-91dddc42050e', '0e06f5d2-71ac-4df2-b323-de8a116dc0b8', NULL, NULL, NULL, NULL, 'XL'),
    ('15ac3aac-efd6-416c-b7be-ec213aaa5fd9', '86914cca-64a4-4a91-975a-91dddc42050e', 'c6c7b30a-6049-45de-b9eb-331f1aa31c89', NULL, NULL, NULL, NULL, 'Red'),
    ('0f781bc0-e8cc-4d5c-960f-f709f9b6a712', '0651879e-302b-4358-a70a-291806d70f5f', '0e06f5d2-71ac-4df2-b323-de8a116dc0b8', NULL, NULL, NULL, NULL, 'M'),
    ('f43e6a54-9756-4895-9a63-800a130678b8', '0651879e-302b-4358-a70a-291806d70f5f', 'c6c7b30a-6049-45de-b9eb-331f1aa31c89', NULL, NULL, NULL, NULL, 'Black'),
    ('cfcb2d7a-be96-4821-861b-d860ca5deba4', '850ea3f4-069e-4546-955e-faa804b8ad07', '0e06f5d2-71ac-4df2-b323-de8a116dc0b8', NULL, NULL, NULL, NULL, 'L'),
    ('224dd8a9-d4fd-40ad-8c88-5002cae11b26', '850ea3f4-069e-4546-955e-faa804b8ad07', 'c6c7b30a-6049-45de-b9eb-331f1aa31c89', NULL, NULL, NULL, NULL, 'Black'),
    ('b7795f15-c016-4fbb-864d-85795849100b', 'febf44f8-2847-4074-9c21-95fb62f7f257', '0e06f5d2-71ac-4df2-b323-de8a116dc0b8', NULL, NULL, NULL, NULL, 'XL'),
    ('2ab12bff-ea61-4d8d-a6d5-4e3b34df6f1b', 'febf44f8-2847-4074-9c21-95fb62f7f257', 'c6c7b30a-6049-45de-b9eb-331f1aa31c89', NULL, NULL, NULL, NULL, 'Black'),
    ('cb4dc693-3b96-41d2-85e0-689282a30423', 'c5ddd7c4-ce10-4c8f-aeb7-80fce3a4786c', '0e06f5d2-71ac-4df2-b323-de8a116dc0b8', NULL, NULL, NULL, NULL, 'M'),
    ('494c13f4-80fd-418e-a147-de973df16bec', 'c5ddd7c4-ce10-4c8f-aeb7-80fce3a4786c', 'c6c7b30a-6049-45de-b9eb-331f1aa31c89', NULL, NULL, NULL, NULL, 'Blue'),
    ('e5747da5-f59a-49c8-926a-1b76944ceb89', 'e7d44e4f-967e-4d58-83cb-c47b15232f4d', '0e06f5d2-71ac-4df2-b323-de8a116dc0b8', NULL, NULL, NULL, NULL, 'L'),
    ('8974f9f7-086a-47d1-8edd-cfb280388401', 'e7d44e4f-967e-4d58-83cb-c47b15232f4d', 'c6c7b30a-6049-45de-b9eb-331f1aa31c89', NULL, NULL, NULL, NULL, 'Blue'),
    ('3240acc8-f56b-49eb-afa9-92a8193e30d8', '62df4102-37c6-4b6d-bc1c-9183e74b4a62', '0e06f5d2-71ac-4df2-b323-de8a116dc0b8', NULL, NULL, NULL, NULL, 'XL'),
    ('36700035-885e-4da2-83ca-7759264d510d', '62df4102-37c6-4b6d-bc1c-9183e74b4a62', 'c6c7b30a-6049-45de-b9eb-331f1aa31c89', NULL, NULL, NULL, NULL, 'Blue'),
    ('15c9ebbc-9e07-4c82-94e4-3aaa538363bc', 'f5e0e158-fab6-43bc-9504-7ad2a153e91b', '0e06f5d2-71ac-4df2-b323-de8a116dc0b8', NULL, NULL, NULL, NULL, 'M'),
    ('0a1bfa1a-27f5-4f18-8942-d58be58791e0', 'f5e0e158-fab6-43bc-9504-7ad2a153e91b', 'c6c7b30a-6049-45de-b9eb-331f1aa31c89', NULL, NULL, NULL, NULL, 'Red'),
    ('11fd6a0f-3949-431a-8b67-0a644a88b4f3', '2146a731-8228-4be4-935c-523b325f8473', '0e06f5d2-71ac-4df2-b323-de8a116dc0b8', NULL, NULL, NULL, NULL, 'L'),
    ('fd6d4d0f-2b97-4f0e-8314-44665758bbad', '2146a731-8228-4be4-935c-523b325f8473', 'c6c7b30a-6049-45de-b9eb-331f1aa31c89', NULL, NULL, NULL, NULL, 'Red'),
    ('cba895f0-ee6b-4900-90e9-502865af38b7', '76f56907-cc8b-4235-8091-a2e33fc021dc', '0e06f5d2-71ac-4df2-b323-de8a116dc0b8', NULL, NULL, NULL, NULL, 'XL'),
    ('831dbaf7-0ada-4638-a230-4cce8b26d3de', '76f56907-cc8b-4235-8091-a2e33fc021dc', 'c6c7b30a-6049-45de-b9eb-331f1aa31c89', NULL, NULL, NULL, NULL, 'Red'),
    ('b9daf137-c74d-4b38-a60c-b8322e0b0c05', 'fe903292-b7ca-45a0-8f2f-9779c3a76ab3', '0e06f5d2-71ac-4df2-b323-de8a116dc0b8', NULL, NULL, NULL, NULL, 'M'),
    ('25848477-2bb0-4694-9065-53e2576821b8', 'fe903292-b7ca-45a0-8f2f-9779c3a76ab3', 'c6c7b30a-6049-45de-b9eb-331f1aa31c89', NULL, NULL, NULL, NULL, 'Black'),
    ('511b6448-d936-44ee-a1d6-5300d1f79646', '6a6d2a19-681a-45ba-b135-623134f8533d', '0e06f5d2-71ac-4df2-b323-de8a116dc0b8', NULL, NULL, NULL, NULL, 'L'),
    ('77e88e04-98e2-4ce3-891c-1a4a1251c896', '6a6d2a19-681a-45ba-b135-623134f8533d', 'c6c7b30a-6049-45de-b9eb-331f1aa31c89', NULL, NULL, NULL, NULL, 'Black'),
    ('16f0fad8-fb9d-4285-ba4d-025132d43e96', 'd1e3e4b1-4f13-4a61-89b7-214fd39d9421', '0e06f5d2-71ac-4df2-b323-de8a116dc0b8', NULL, NULL, NULL, NULL, 'XL'),
    ('f4e92c6b-d50e-42e0-84d2-21dc6b8147c9', 'd1e3e4b1-4f13-4a61-89b7-214fd39d9421', 'c6c7b30a-6049-45de-b9eb-331f1aa31c89', NULL, NULL, NULL, NULL, 'Black'),
    ('314d43a1-44b9-4cd4-b80e-f724be572761', 'c5600f4c-df6c-4f0c-b676-9d14e9c97ba2', '0e06f5d2-71ac-4df2-b323-de8a116dc0b8', NULL, NULL, NULL, NULL, 'M'),
    ('beb82cf2-5444-4293-9abc-302a76eaa6b2', 'c5600f4c-df6c-4f0c-b676-9d14e9c97ba2', 'c6c7b30a-6049-45de-b9eb-331f1aa31c89', NULL, NULL, NULL, NULL, 'Blue'),
    ('52e2f96b-2f81-40b7-88c5-a0c96d5bb74b', '60f91bc1-7fd0-46b5-8718-d754c1fdff01', '0e06f5d2-71ac-4df2-b323-de8a116dc0b8', NULL, NULL, NULL, NULL, 'L'),
    ('20a4e977-718a-4084-988d-ed58636cb638', '60f91bc1-7fd0-46b5-8718-d754c1fdff01', 'c6c7b30a-6049-45de-b9eb-331f1aa31c89', NULL, NULL, NULL, NULL, 'Blue'),
    ('bb749010-810a-4ede-9c30-251feba38f2f', '5ca0233d-3047-49b0-aae8-390bb5cedb15', '0e06f5d2-71ac-4df2-b323-de8a116dc0b8', NULL, NULL, NULL, NULL, 'XL'),
    ('0b9ccd6d-ba63-43c1-9348-89d72c565b47', '5ca0233d-3047-49b0-aae8-390bb5cedb15', 'c6c7b30a-6049-45de-b9eb-331f1aa31c89', NULL, NULL, NULL, NULL, 'Blue');

